ram_num,battery_power_num,px_width_num,px_height_num,mobile_wt_num,int_memory_num,n_cores_cat,price_range
2549,842,756,6.696684655789813,188,7,2,1
2631,1021,1988,48.62948462691382,136,53,3,2
2603,563,1716,57.11624647490332,145,41,5,2
2769,615,1786,56.0830901023637,131,10,6,2
1411,1821,1212,55.90511663831966,141,44,2,1
1067,1859,1654,51.13327767172706,164,22,1,1
3220,1821,1018,31.860399027106308,139,10,8,3
700,1954,1149,36.84829238810006,187,24,4,0
1099,1445,836,32.06629481611175,174,53,7,0
513,509,1224,54.29712803811913,93,9,5,0
3946,769,874,25.733309450213934,182,9,5,3
3826,1520,1005,20.024249262860565,177,33,8,3
1482,1815,748,40.04797494391635,159,33,4,1
2680,803,1440,30.28966183304914,198,17,4,2
373,1866,563,30.808570205590375,185,52,1,0
568,775,1864,47.49635885769451,159,46,2,0
3554,838,1850,50.63849910288038,196,13,8,3
3752,595,810,34.243071529002776,121,23,3,3
1835,1131,878,41.65537883905639,101,49,5,1
2337,682,1064,48.55137733371119,121,19,4,1
2819,772,1854,58.21429994486082,81,39,7,3
3283,1709,1385,50.38909019892318,156,13,2,3
1433,1949,822,32.915859713784705,199,47,4,1
1037,1602,788,35.18437865855977,114,38,3,0
2583,503,1245,23.153281741327156,111,8,3,1
2782,961,1434,27.87310802287427,114,57,8,2
3763,519,645,38.163396583706806,132,51,4,3
3286,956,1075,36.812990967328716,143,41,7,3
2373,1453,1311,22.323612060551483,96,52,2,2
478,851,1263,55.073661926715126,200,21,5,0
3532,1579,1739,59.143436009112435,88,5,7,3
508,1568,654,33.15426539411548,150,33,8,0
2227,1319,1152,14.872952159412264,107,41,1,1
3845,1310,1919,21.77264389811606,100,51,4,3
1262,644,881,28.810634911407895,157,22,8,0
1326,725,1249,54.2280168779956,160,60,8,1
2113,589,815,33.78110454097762,160,61,4,1
3429,1725,1307,40.1123427236459,119,6,2,3
3169,790,730,30.4202842395747,87,11,6,2
2150,560,1613,60.99497723331651,159,50,2,2
2484,1347,967,33.97441990267415,132,44,1,2
3339,1646,1932,66.33538168850512,185,41,2,3
1878,1253,714,42.47940489066774,152,5,2,1
1629,1656,1456,47.97429082141418,166,34,3,1
504,1195,1652,63.60237102565745,110,20,2,0
1152,1514,1810,22.26310173641981,118,27,3,1
3587,1723,1791,23.211347032126298,164,42,8,3
2296,1054,774,7.960917032469823,196,40,7,1
1270,578,1433,51.647148395148044,162,57,8,0
3238,596,1854,48.10611899154307,111,64,8,3
2059,1547,1832,52.05902451159046,198,14,3,2
2053,1760,1383,59.64344916221794,127,63,8,2
3112,1654,629,38.02730222575529,109,43,2,3
1440,1457,1287,51.35420588352206,102,16,3,1
2908,1073,804,42.6300833653114,145,51,7,2
2552,1936,1036,41.93203117268036,104,46,3,2
905,823,1449,46.41479293320706,148,60,8,0
3963,987,820,39.20064365715164,107,61,3,3
2056,1757,713,26.601279165768798,180,49,6,1
2910,1063,683,18.32414906742861,128,48,5,2
1457,1484,969,48.91469851783695,134,12,3,1
431,799,975,31.02201994734712,144,63,8,0
470,1156,547,29.312572290577602,159,50,2,0
2148,1720,1353,44.48069458337232,168,55,2,2
2955,702,1570,36.56483957531219,141,9,3,2
3366,616,1618,41.438801889345356,81,44,3,3
3068,1358,1858,63.312106550800884,155,36,4,3
3834,1866,1781,16.85262169513454,182,30,3,3
1050,1242,1225,34.9235929479521,165,10,2,0
3993,1166,603,23.38462893085756,80,43,4,3
3378,1448,1724,38.83605658413568,138,45,7,3
2192,1407,1217,55.09631715835241,104,22,4,2
392,605,1026,20.624295048850236,142,9,3,0
3709,1038,638,2.3928064219716796,141,43,1,3
590,797,1413,44.76671225795199,90,38,4,0
1814,819,1242,30.070597836888464,188,42,6,1
907,1114,1071,52.01075616956672,197,9,3,0
1449,1234,778,21.014388436936233,172,33,1,0
3448,1199,1552,55.00563400464681,116,16,4,3
1837,1103,1486,50.787493487873476,111,29,6,1
3464,1589,1206,29.176600900816698,85,58,7,3
2593,999,1616,59.953598932557846,199,64,4,2
3484,1510,1752,43.167742766744006,180,45,5,3
2009,1008,1122,52.895822270485816,114,61,3,1
2048,1127,1049,49.22375753952401,163,57,1,1
837,1412,1894,36.989130568033765,96,25,8,1
854,1496,741,15.851140914645777,182,42,5,0
3210,1083,1118,51.647148395148044,178,64,3,3
2746,668,1203,41.90139107407508,155,3,5,2
2334,1309,1402,38.40029360438269,100,33,4,2
2822,1724,1924,64.0828840873109,177,57,3,3
1971,1977,1242,56.3046775024294,171,54,7,2
1410,885,802,44.937360587104635,103,15,7,0
349,879,1105,32.755877204344635,83,14,6,0
1418,1322,1990,21.710517147967998,140,7,3,1
3616,1137,1179,49.58163447367835,196,7,3,3
880,1355,891,41.438801889345356,132,23,5,0
1601,1665,1684,63.447747881628075,194,60,6,2
1412,657,961,35.5533217106992,141,37,2,0
1692,593,1317,56.459213341452966,156,31,7,1
2600,1883,1739,46.796481357340994,146,10,6,3
1308,1732,881,46.469531755829,119,12,8,1
2413,543,984,32.27076982250606,192,57,5,1
1047,1939,520,29.22200031130343,199,55,4,0
1204,553,902,29.44786852721274,121,8,7,0
1799,832,1504,18.175027351929224,103,39,4,1
2676,1661,1634,47.067025306546974,172,23,5,3
2597,1657,1796,67.15834150055748,198,42,5,3
3029,1135,1846,27.968379047536914,83,46,1,3
2343,1775,1869,64.61632357529093,163,41,1,3
2016,783,1471,55.6817599231194,106,43,3,1
2213,617,874,44.90896881540039,199,32,7,1
790,867,1974,13.423785324945966,135,4,6,0
3182,1310,513,17.565476449842254,194,7,5,2
3472,1804,1244,54.77819598399291,153,22,7,3
2871,1900,1661,52.3715667317131,89,18,7,3
3187,909,973,40.939042136247025,82,53,8,2
1945,1084,771,29.312572290577602,107,40,3,1
488,1308,989,27.098005955789468,199,46,1,0
1214,1778,1954,60.934268789769284,102,15,3,1
2598,1701,1338,38.163396583706806,194,10,8,2
3242,772,1712,56.65721355976218,80,10,4,3
3534,825,863,39.724420804380074,130,52,3,3
3426,1379,1376,37.75350421023637,200,36,2,3
2488,1166,1203,12.25311496958769,198,25,5,2
3255,1659,902,46.33255085816269,89,16,1,3
2863,826,786,21.834584916133394,88,58,4,2
1496,1564,1965,57.029128548809666,189,25,6,1
3801,1957,1732,32.4738517873612,181,31,3,3
666,1571,1398,43.31579089497788,100,19,6,0
3799,1414,829,26.450315958040377,99,54,7,3
1366,1790,792,40.528003892930535,184,2,1,1
2962,645,580,29.53769564339184,197,41,7,2
2399,668,1056,37.199297275929155,195,30,8,1
2338,1652,1264,28.902593441345914,89,36,4,2
2700,1213,1248,24.561465625264223,108,16,5,2
2235,1272,669,39.983493587977705,133,22,6,1
3825,866,1686,42.690191097917705,179,46,8,3
284,536,1539,59.72633131852673,182,3,7,0
1427,523,1042,28.48626714987362,155,14,8,0
1324,1753,1926,63.79506146842326,134,31,1,2
398,1218,616,24.724742438071253,147,14,3,0
3685,1537,1131,46.877825573991245,137,43,1,3
2390,786,1697,36.671414461986714,141,33,7,2
278,1678,536,34.05141245572013,134,64,3,0
3556,1814,786,44.56671222924596,141,9,2,3
2196,1101,1269,32.10730257924496,148,31,2,1
3799,1461,1298,57.15975003354619,141,40,7,3
2268,1216,1967,68.62962943916958,199,47,3,2
2965,506,1025,47.84206106906035,159,41,1,2
2341,843,800,19.264381462429483,147,56,5,1
3557,742,1359,39.06849733930086,190,56,7,3
1354,1692,1996,50.41409259539488,176,61,6,1
2147,1485,1013,36.777652575791436,84,32,2,2
505,1547,590,39.26653430114639,166,45,2,0
1394,1692,1925,42.145826977739645,139,46,1,1
374,637,1989,54.02009398231105,97,60,4,0
506,1224,826,44.30810731574258,109,6,6,0
3702,1356,1983,64.21670823552444,198,29,6,3
1078,1840,1545,28.810634911407895,142,34,1,1
2945,1481,1533,17.487743627769603,96,37,5,2
2981,961,621,38.298962475308194,152,51,6,2
490,1296,1272,46.1124470515578,124,14,5,0
536,1193,1729,43.81504135332659,166,26,1,0
2317,1441,1071,39.06849733930086,118,3,8,2
3704,517,974,41.71703127609503,183,33,4,3
2126,748,1554,34.58515189218575,150,27,8,1
2050,1126,1611,56.23830323761182,160,10,6,2
2462,1572,1937,53.64824227763384,157,58,7,3
1260,1569,1942,10.581708340325381,110,44,4,1
3770,1270,845,28.252126174336933,101,32,7,3
1886,1854,627,36.63592707000738,101,8,5,1
3323,625,842,40.939042136247025,183,10,4,2
2060,1577,1737,52.13133411039166,197,42,5,2
3926,534,1199,32.35216825003136,189,16,5,3
2177,946,1740,41.40776078378923,143,25,6,2
728,685,648,33.935852479542596,93,29,7,0
2478,1949,1136,46.877825573991245,101,23,5,3
2842,947,1220,55.186834734516296,197,22,2,2
1617,801,879,41.40776078378923,165,63,7,1
1472,703,1065,24.120321280672556,113,30,1,0
764,1165,831,38.63560322168386,178,41,6,0
2337,1082,1191,50.688217806240836,198,38,8,2
3965,959,1631,38.53494866581226,84,20,4,3
3693,1502,588,12.904690559032659,138,54,5,3
797,1380,500,33.4300767972156,92,4,3,0
1687,1266,1698,59.28975866455343,95,5,6,2
2940,1934,1299,40.43249781547942,103,46,1,3
1545,1905,898,47.14785432186662,151,6,1,1
3834,1831,1381,40.17659749861763,150,43,5,3
2505,596,984,49.86083052494743,165,46,1,1
2243,1562,1533,41.158506497306135,190,7,5,2
3600,1490,1464,60.36437059810554,150,64,8,3
3971,1523,539,25.681277330254172,117,57,2,3
2844,640,1179,43.22702895178255,163,20,4,2
2227,1526,751,43.46328443189995,117,23,7,2
1665,1989,1497,53.437812488763015,94,41,3,2
3355,1308,1215,12.25311496958769,106,61,3,3
1866,609,1948,49.479676175510924,93,26,4,1
1287,1905,1542,46.4968744986151,119,36,3,1
1046,1703,1235,27.63338947182111,192,22,1,0
1441,1445,1345,57.33339698989973,173,20,7,1
690,1087,589,28.063303363397974,166,16,3,0
2504,671,1182,47.22853059160918,105,30,7,2
2677,1472,1052,43.22702895178255,168,61,6,2
2243,765,1429,57.42000134063198,115,47,8,2
2984,1642,873,18.472027200186165,171,8,6,2
1362,1265,836,42.6300833653114,182,49,5,1
3629,664,1478,42.95953219375249,110,51,7,3
3559,1277,1460,28.71835991626263,142,35,6,3
2571,1395,705,23.84020742831673,111,23,3,2
2107,1539,1666,53.71818221888085,159,41,8,2
1022,1049,1077,23.036687200483108,135,63,5,0
2844,1827,1020,11.799114982896887,128,39,5,2
711,903,1235,56.39304137541821,91,50,1,0
3117,1987,1516,52.29962544621013,181,53,3,3
978,1154,1499,37.856432051596926,181,49,8,0
1869,1336,583,11.799114982896887,194,17,5,1
1179,1886,1958,46.05723971656186,112,24,3,1
3844,1551,1995,66.574294854738,88,51,5,3
593,850,642,32.79595212499518,133,29,5,0
588,660,1178,26.450315958040377,111,40,2,0
3836,1225,1404,44.65254737556525,116,13,4,3
2669,1452,1040,10.189260082212165,123,25,6,2
2958,1686,1453,32.51430339394853,166,38,4,3
3031,1634,1677,50.13830655764599,200,17,2,3
3388,1708,517,24.940679414026082,109,49,1,3
2377,1151,1560,51.57408566640082,128,31,8,2
2458,1578,1226,33.07500382712523,138,37,4,2
2766,1689,1200,49.886126236551924,127,24,3,3
3054,1488,1647,62.58968689287828,112,39,5,3
3791,1313,1308,33.27277394258951,105,9,1,3
625,1715,1615,41.033256001832115,83,31,8,0
2227,1442,687,24.832960341664258,192,27,3,1
3256,528,637,38.96906565050124,142,6,2,2
707,1523,1606,19.82001964619971,129,11,1,0
1457,1133,1543,43.81504135332659,199,42,5,1
3755,1718,980,38.63560322168386,183,6,5,3
1733,1330,1441,57.70046663619951,183,38,7,1
720,1799,1383,40.84458979798705,107,49,4,0
3560,633,1009,37.44286514592357,139,49,8,2
2311,724,1754,57.33339698989973,187,44,7,2
3846,822,860,41.93203117268036,157,51,6,3
1717,1918,1543,55.05099633295303,110,10,5,2
3704,1891,1108,21.20661922426084,129,37,7,3
3800,1373,673,16.608031585830886,127,50,7,3
278,862,1758,45.61292572617247,165,23,2,0
1767,1273,886,36.062945512666076,99,48,4,1
1846,957,1485,55.748871419653796,107,7,5,1
829,1617,1038,25.629132646367985,105,30,2,0
2986,893,946,33.31217519945115,183,55,2,2
2394,1210,1462,55.2094383584214,93,63,5,2
2169,708,654,14.215114052312513,195,63,8,1
1181,835,1604,29.357745578434898,101,7,4,0
575,1450,1882,43.13806606239602,131,19,1,0
2977,973,1816,34.84869267533023,190,57,7,2
532,601,765,30.808570205590375,154,4,4,0
1702,507,1398,49.428609733346455,141,32,7,1
1074,564,1980,48.8111976287039,168,51,3,0
3352,1559,1559,21.834584916133394,162,6,6,3
1027,754,1928,69.71904039606632,178,59,7,1
2039,728,1529,37.33869132638848,88,25,4,1
461,1431,952,20.359887817418308,191,56,1,0
527,767,1517,30.28966183304914,175,28,4,0
3271,1722,1741,47.57638266230761,177,18,2,3
606,1992,1596,63.05933638987906,100,57,2,1
2513,1876,1564,38.02730222575529,86,40,6,3
1675,1054,1222,53.3674644867332,136,38,6,1
2698,1283,692,31.48611411889014,93,47,5,2
1129,1281,1617,57.59277529005127,148,28,1,1
468,1066,1571,56.65721355976218,114,7,7,0
1210,730,1247,28.3928594449616,89,4,8,0
3086,1053,1767,39.62678995943963,103,45,1,3
1595,1611,714,28.439604465303482,98,3,3,1
2332,793,1935,68.73590182720989,133,30,2,2
2589,1220,1933,32.755877204344635,125,62,4,2
3760,1662,1509,8.76239138181707,126,61,4,3
1851,1281,954,39.49620420796315,144,8,4,1
417,538,662,25.04790618880387,177,2,7,0
294,823,888,40.7814882301854,187,39,8,0
3576,1733,527,30.851387709220884,119,36,6,3
3945,1429,820,25.629132646367985,100,40,3,3
927,1839,1493,35.51661510762024,200,54,7,1
2044,659,1929,52.3475984878792,110,6,3,1
2334,1953,764,38.33277206192228,158,56,8,2
1477,1172,1092,40.04797494391635,164,27,1,1
3161,612,1891,59.18528361610205,102,16,7,3
3660,1563,1699,19.404842463204282,170,24,8,3
1604,1191,683,42.35843781773566,84,26,1,1
2211,615,1664,16.525678775217365,163,42,6,1
3822,1893,763,41.00187777049652,134,63,2,3
3922,1563,572,33.03529571120543,151,16,7,3
1203,1995,1963,68.23837780494637,139,9,6,2
2822,1517,1489,45.863436524484726,143,48,5,3
447,832,1294,28.810634911407895,108,34,5,0
1652,1162,997,11.914202516659133,114,56,7,1
3608,1595,655,30.28966183304914,121,12,8,3
1228,1329,1458,52.323618065295506,181,52,6,1
666,928,1243,24.28674668823458,80,56,8,0
1499,1656,519,36.63592707000738,105,38,7,1
3321,1937,1767,66.39060085994544,189,58,1,3
1206,977,566,12.69116574658072,181,57,6,0
952,768,515,33.35152597106463,113,56,1,0
3927,1464,1168,47.28223032016606,117,12,2,3
311,1177,882,21.77264389811606,191,29,2,0
955,1348,1942,68.9302581743676,98,52,3,1
1109,1956,776,22.202417743594154,87,37,3,1
2969,1751,564,21.270291608998097,178,8,6,2
725,1530,1975,34.736012842561834,177,42,6,0
1655,1997,1212,47.60302423986283,185,40,4,2
3490,1414,1118,10.452459056228813,180,44,2,3
1774,1707,1388,58.57523077432933,80,41,7,2
3615,894,1462,57.59277529005127,199,50,3,3
714,645,1130,44.13477650404663,184,41,8,0
2768,1163,754,37.12938596907962,155,49,2,2
3739,1126,1726,17.33120259064908,165,49,8,3
610,1648,1876,54.6640825455511,170,64,4,1
715,1170,709,35.47986715309383,199,14,2,0
663,508,557,9.781844496293278,94,42,1,0
1725,1097,1914,33.39082644237608,161,64,3,1
834,728,775,39.29943427458693,101,5,2,0
3865,1980,1910,28.85665354018262,177,29,1,3
3059,1504,1923,6.498519901412479,182,64,1,3
651,1379,1370,23.49939988716427,83,63,1,0
796,1698,994,31.106957187286163,160,18,6,0
785,920,1078,23.613580917977284,115,25,7,0
3252,1144,724,20.558526386355606,189,21,1,2
1322,1995,1104,41.37669411335401,129,26,1,1
2832,1430,1182,54.1818883683851,183,27,1,2
1615,972,1795,59.85041472507656,193,13,5,1
2125,662,1224,51.059399461195035,138,20,1,1
990,1867,1442,43.2862258276895,191,9,6,1
1595,1730,1023,33.35152597106463,143,20,4,1
1213,1723,1361,31.984108578517404,126,7,3,1
2500,1882,652,17.719889878665775,140,47,2,2
2801,803,935,40.686634564588566,106,18,4,2
3451,580,1345,53.10863654723357,91,47,3,3
1201,668,1292,22.80160870185793,114,48,1,0
3139,1391,1256,5.417052684346141,182,36,1,2
1938,1560,1364,44.25041344766936,169,22,7,2
3185,821,1786,25.991805623052443,109,54,3,2
2111,811,1429,29.805429446133946,106,2,6,1
2369,1989,682,40.74989724892053,193,17,8,2
3625,1034,1199,43.13806606239602,120,37,7,3
1051,618,1688,58.21429994486082,86,6,1,0
1036,654,1898,66.15094534357456,196,52,4,1
2938,576,1438,36.88355694873888,184,10,5,2
2855,667,1463,5.1784593955740235,185,3,6,2
2727,869,1584,56.67916609195758,118,57,1,2
2973,635,1059,28.29912072250264,149,42,3,2
2581,609,1253,12.141174723196421,117,44,1,1
2690,1557,1442,53.601559354563335,123,2,5,3
916,1604,939,18.836471180323866,191,33,8,0
2563,1182,986,27.098005955789468,138,8,8,2
3359,848,1029,21.648203060607454,148,19,7,2
941,1610,1280,56.52529914735874,181,64,4,1
2280,1828,898,29.9383299188842,199,17,1,2
827,880,1381,53.811278497936314,194,50,7,0
473,1394,1565,51.28068034550619,175,62,5,0
3865,1960,1299,23.38462893085756,86,61,7,3
1274,809,1726,61.09600846913575,91,21,7,1
364,899,1331,45.47309518216738,172,57,2,0
3699,1976,1922,57.93660345074948,171,32,2,3
2927,879,1038,35.07287167560008,187,21,4,2
1470,916,992,22.38395013282823,195,36,4,0
1050,763,1186,51.72009672050667,92,2,8,0
2616,508,1920,60.405276521111716,162,9,6,2
2915,825,1866,61.45818762881825,99,34,8,3
2686,1864,981,21.142745792023717,178,46,1,2
1243,1725,1195,54.02009398231105,185,52,6,1
3264,1108,1706,18.54550911343636,183,52,2,3
2261,1011,749,35.73623908746407,131,36,7,1
2993,1703,1711,60.241466966253384,138,55,5,3
706,1067,681,14.310951988732048,135,58,7,0
2542,1334,1974,55.43491133302339,115,42,5,3
2523,775,1510,38.53494866581226,189,30,7,2
336,1899,814,15.851140914645777,151,26,2,0
2457,930,1025,14.118623725402703,97,14,6,1
418,1058,1247,36.17113346675168,166,19,4,0
3917,1187,1814,55.11896204142995,145,46,2,3
1246,1874,1233,50.13830655764599,166,8,7,1
2971,1482,642,40.90758460586265,142,48,7,2
2324,1809,721,41.06460792720041,174,59,3,2
3121,864,1670,18.32414906742861,187,54,2,2
3801,625,550,33.85857449925233,191,33,1,2
3333,1880,699,13.525228668942615,138,18,3,3
3475,1138,1138,17.093629915062287,187,44,8,3
2360,560,1903,30.808570205590375,146,23,8,1
2895,1117,817,45.75228515065515,144,12,7,2
3652,1712,1126,44.30810731574258,137,63,7,3
3097,1836,1139,32.95572384936142,134,26,6,3
2101,1036,926,31.527938627655892,119,39,7,1
3918,1860,1506,59.227098278794195,162,23,4,3
3869,1375,726,35.51661510762024,145,9,7,3
732,1945,1753,44.19263662468927,195,57,4,1
3684,1896,794,34.47153500403601,141,7,2,3
3969,788,1161,10.189260082212165,91,57,8,3
1414,880,1350,8.450191836869486,173,33,2,0
1892,1323,619,20.755178744690664,131,28,4,1
3131,1868,660,30.4202842395747,169,42,1,3
2532,1266,1468,30.37681073236809,184,7,3,2
3215,1042,1705,43.7273940354507,93,50,7,3
3323,1479,1476,21.89634178452187,156,19,3,3
1529,1476,1666,64.76783352503412,171,55,4,2
2403,1552,1026,26.801150983926984,123,13,6,2
3419,1454,1033,25.837038765709693,83,34,4,3
3648,1007,1529,55.41240992169196,95,45,5,3
1974,652,559,14.118623725402703,173,17,5,0
2806,1504,973,36.671414461986714,142,34,8,2
2239,1726,1223,31.77763650339985,193,51,4,2
582,1029,956,26.55105995926242,171,5,5,0
3890,1582,1797,61.758194471325154,112,44,6,3
1141,1478,882,42.75020593375474,99,48,5,1
2511,1178,596,39.13463155116912,101,49,5,2
3838,707,574,36.243063265848605,131,25,3,3
2734,755,990,28.9942385968187,186,51,4,2
2330,912,1053,29.627229693084075,161,54,8,1
2244,651,858,38.095415832156206,176,63,5,1
1851,1483,758,37.51213888900916,176,54,7,1
808,914,1495,22.563944724268545,100,4,2,0
1587,1456,1104,46.442171245069744,105,7,5,1
2492,1178,1352,15.851140914645777,84,57,3,2
2122,1503,1304,46.93196858393358,166,43,4,2
1122,1681,1205,22.80160870185793,158,11,2,0
3709,715,562,6.889853767143089,160,48,4,2
3021,1876,585,25.04790618880387,182,56,3,2
624,1190,1441,60.36437059810554,186,47,6,0
3937,1755,1075,27.63338947182111,134,24,7,3
1797,1197,1629,41.37669411335401,149,20,6,1
1458,1048,1975,50.18857430984792,194,28,2,1
3348,1887,1798,55.09631715835241,126,17,8,3
1834,1772,545,26.850870550045048,116,64,8,1
2775,1421,1657,45.276532179698705,165,57,1,3
1277,1464,1341,33.35152597106463,153,17,6,1
457,728,817,18.249745532158432,111,23,4,0
438,954,1058,24.670444343430482,134,50,2,0
3210,685,1203,53.22645879181793,82,13,7,3
985,1472,1744,61.075817135408315,130,36,6,1
3701,853,740,42.145826977739645,200,3,2,3
1052,1469,1133,32.5547005666334,123,8,7,0
1175,1310,889,34.54732472497663,135,57,8,0
1070,1654,1719,55.367376600812555,146,11,7,1
3411,902,1285,42.17627206395307,134,3,7,3
1175,1448,1850,67.55659905671342,156,26,3,1
301,1631,1905,21.710517147967998,198,3,7,0
489,1608,1158,51.35420588352206,183,28,2,0
1733,1991,1325,52.443398567596304,145,64,2,2
2756,1349,772,39.561556093018275,114,62,5,2
2612,1589,1743,46.08485250468525,195,51,1,2
1724,1844,882,37.58127320106274,158,51,8,1
2190,712,1208,38.434005739378314,84,35,2,1
1900,972,1050,42.35843781773566,107,54,3,1
3915,1406,1366,51.45205881965683,98,34,3,3
1043,1289,899,44.82367457977059,178,25,6,0
3817,932,1224,55.186834734516296,154,64,7,3
2362,1747,1131,49.708756948290706,94,48,3,2
1107,1172,1884,58.21429994486082,95,41,3,1
2982,1128,1370,40.1123427236459,84,53,5,3
2042,664,1497,44.509387478411846,106,28,5,1
1343,513,867,40.43249781547942,186,44,4,0
2610,1742,681,34.698364459310184,170,43,7,2
2335,1512,884,23.38462893085756,162,6,7,2
1614,1986,1358,27.43999839249033,165,51,8,1
1138,965,998,18.54550911343636,109,13,2,0
604,1067,1989,36.2071178356992,122,40,8,0
3652,1583,862,27.098005955789468,118,42,3,3
3955,1653,1785,34.47153500403601,176,37,4,3
258,1433,799,27.39142209747995,133,4,8,0
1066,765,793,3.161348605272464,153,18,7,0
1731,1845,695,27.92078710070836,96,61,1,1
3860,752,728,20.88520456727381,87,48,7,3
3630,1948,1940,40.8130523914902,100,16,5,3
1965,1077,1304,48.420888839121304,174,45,3,1
1459,932,1078,26.751332629744358,104,60,4,0
2323,1968,1259,47.4696511342414,115,22,3,2
3291,1122,790,29.7164733999565,120,2,4,2
3272,1588,1594,52.586735790552325,159,61,1,3
918,601,548,36.74227710230542,101,26,4,0
3488,1615,1256,40.528003892930535,132,15,4,3
3961,1589,1911,49.96192831308295,128,58,4,3
590,1417,1649,36.2071178356992,114,56,6,0
3701,1697,1264,25.101336967940092,95,34,1,3
463,1330,1262,50.538899129131,83,3,5,0
3644,1476,1972,67.50244601623554,148,43,2,3
1713,1579,1484,46.66055967042695,142,27,6,1
429,1277,1090,48.55137733371119,200,41,4,0
2765,1089,1259,40.97047316983761,145,2,5,2
2084,1663,1439,46.66055967042695,169,27,4,2
1125,1949,592,37.05933068413565,186,20,5,1
2048,1138,1777,24.940679414026082,109,48,3,2
1223,685,870,43.668854908175646,174,17,6,0
3672,1889,1106,21.270291608998097,132,31,1,3
3100,857,948,20.426324923066122,195,17,7,2
343,1902,1393,54.41209667068096,124,50,8,0
1970,1225,982,46.90490570467697,155,15,5,1
2728,1066,1586,32.675567568655225,131,39,5,2
3635,1554,1579,32.433345536132535,124,5,3,3
2180,1337,644,10.960664765745745,186,31,2,1
2488,1926,1157,50.58872626692913,172,33,3,2
3864,869,539,35.626611394114214,104,34,2,3
1155,1278,750,39.20064365715164,104,54,8,0
3566,1773,1472,56.060877777728116,170,32,6,3
864,1661,1337,39.62678995943963,109,6,7,1
869,1438,1663,42.41896874459666,176,32,7,0
591,1661,861,37.6847149866911,119,29,2,0
1333,1846,773,14.688023767711652,159,19,1,1
2208,1260,1313,48.62948462691382,123,23,7,2
2610,512,1849,25.785229699843192,83,15,3,2
2819,581,1613,45.89117797629308,185,59,5,2
1955,1872,1259,34.9235929479521,134,44,3,2
3416,687,1151,39.29943427458693,151,50,4,3
3803,1062,1807,63.91036429760436,160,10,1,3
574,1678,1763,33.35152597106463,192,7,1,0
2129,1417,1029,31.149332020947924,166,45,4,1
1948,1074,952,49.68336125236682,103,9,6,1
2978,1832,654,22.26310173641981,90,2,7,2
1619,1039,1827,60.588972174775456,200,12,8,1
3716,1059,1916,64.23580054408488,134,61,3,3
3454,1606,1924,54.066375822159976,154,57,4,3
3777,1928,1580,42.66014886947076,187,19,3,3
2712,1875,1942,67.73675934081722,91,55,1,3
1434,1128,1582,44.42324754660076,135,46,8,1
3968,1748,1234,47.41618582727445,146,14,3,3
3383,1413,517,22.323612060551483,117,51,5,3
3278,825,1917,23.44208869589125,86,23,2,3
3970,1589,1759,65.36995157672675,100,26,8,3
2674,535,939,43.22702895178255,145,54,8,2
2776,1780,1463,58.57523077432933,190,27,4,3
2336,1671,848,26.500739087381117,129,61,2,2
2430,1821,1803,15.937048818433315,114,12,1,2
891,1076,915,18.472027200186165,119,38,6,0
728,532,1354,56.016423740525056,193,8,5,0
3886,777,1143,22.444117351105117,148,30,5,3
1711,1217,632,40.71827938228106,182,17,4,1
2856,1656,899,29.22200031130343,117,16,7,2
2447,1185,1642,46.8236134320207,152,31,8,2
814,577,1450,53.13222419547386,161,37,6,0
2951,737,1463,45.276532179698705,193,49,4,2
3653,704,1013,25.888737327451963,186,53,6,2
1891,525,1587,26.450315958040377,137,51,8,1
701,504,1665,44.88055725003137,166,16,1,0
3139,793,1815,56.3046775024294,176,38,4,3
2811,569,739,32.18914851822184,184,39,8,1
1701,1590,963,49.0179577287576,160,21,5,1
1853,707,1508,51.695793291865186,194,16,2,1
2445,767,1000,26.900491887443074,185,19,6,1
2287,1350,544,31.360278773729082,181,50,8,1
2003,1117,1627,57.007325916486884,146,31,2,2
3595,641,759,33.31217519945115,192,7,1,2
1726,1002,1416,58.87061837496153,83,35,2,1
3952,1408,1088,40.240739835551075,89,45,5,3
850,1900,1596,48.8111976287039,190,41,8,1
1446,726,760,41.90139107407508,101,43,8,0
1300,1544,857,25.101336967940092,113,45,8,1
719,1454,1100,22.26310173641981,160,21,4,0
988,1230,676,33.27277394258951,123,26,5,0
2606,1552,658,33.819863602808354,180,53,8,2
2912,1519,1239,21.142745792023717,200,32,1,2
2339,723,1901,61.37790939489717,102,30,1,2
1028,1191,1813,21.834584916133394,169,13,1,0
3173,1168,1578,20.558526386355606,90,61,8,3
1667,1229,1878,17.796579462512145,191,14,2,1
1897,1758,1864,44.73820112764,190,13,8,2
1214,1290,1109,39.821789508720826,143,3,6,1
3269,574,1171,27.63338947182111,90,38,6,2
445,1271,1949,58.975714644068944,113,32,7,0
1073,1170,1722,7.960917032469823,83,30,8,0
665,1269,1920,63.92955885081391,118,52,2,1
3129,1288,1809,55.2094383584214,121,50,2,3
3501,1366,964,32.71574908652548,150,34,2,3
3461,1572,1237,39.06849733930086,169,8,5,3
3206,1627,1082,11.447086036739107,180,32,6,3
3717,1701,828,31.149332020947924,115,46,2,3
3917,1900,1241,49.37748484133119,171,55,1,3
861,1974,545,25.837038765709693,80,24,7,0
2885,1197,1710,23.896508554850787,129,20,5,2
2777,587,1793,40.208682686602515,170,6,1,2
1017,934,1463,53.694880143499695,112,24,5,0
980,1195,1100,20.820297883578494,82,23,4,0
2775,1853,1951,23.211347032126298,92,23,1,3
3309,1164,1704,43.78584703669451,95,19,8,3
3607,1512,1897,52.94319637702072,88,18,3,3
1257,1232,809,31.02201994734712,169,24,5,0
759,1813,1306,30.0265782828599,198,5,3,0
3720,946,1771,65.8360767318739,166,5,3,3
475,739,1536,52.29962544621013,88,58,3,0
1122,704,1509,53.62490645604696,80,29,1,0
1336,1663,1545,49.81019643555945,147,40,4,1
1185,1966,1987,55.65936942954281,185,40,8,2
705,1219,1022,35.44307771333283,196,17,5,0
3169,612,1337,57.78645887528479,181,35,5,2
3483,1658,522,33.03529571120543,182,39,1,3
1183,1263,1883,21.77264389811606,175,64,5,1
3373,1395,1787,45.30467017879082,118,55,3,3
2801,621,910,33.97441990267415,151,54,4,2
565,652,781,35.11008348625137,142,58,3,0
3153,1175,1501,19.05167279164705,145,25,2,2
3421,561,1176,36.13511003787274,163,11,8,2
316,1137,1285,56.832569717924244,173,3,5,0
448,1835,583,32.025230224630214,193,11,7,0
2366,1170,684,33.70344123153338,169,40,6,1
3881,1595,1838,51.62280688910793,85,44,4,3
462,1719,904,25.31386094789886,122,12,8,0
1480,1770,1552,48.13243674243054,128,7,7,1
1087,1312,1854,56.459213341452966,163,28,2,1
2711,1878,559,22.080522987407825,139,56,5,2
2144,1871,1682,15.146074495096048,81,20,7,2
1165,922,1383,51.42761493208396,188,35,7,0
2998,1975,655,14.406150018783809,128,16,8,2
2249,1212,1715,40.17659749861763,102,46,4,2
752,1430,906,38.80272635560536,179,56,3,0
1409,1958,637,28.48626714987362,190,4,2,1
3072,1836,1230,27.14714435974766,184,30,7,3
1305,557,1315,54.15880774847985,125,24,3,0
3597,539,599,38.19733737041589,145,21,7,2
3132,880,1302,34.05141245572013,172,44,8,2
3856,1369,727,38.26512022498972,162,34,1,3
1524,1109,1787,59.829754076745694,98,39,1,1
3673,843,1096,50.56381949637354,166,16,5,3
3293,598,1173,42.3281366781181,196,21,2,2
3035,972,816,42.539746680040594,126,5,4,2
584,1944,1970,52.49122588797583,197,36,6,1
2675,1225,1101,24.064574898440082,138,2,7,2
2382,644,1654,54.366141625252006,114,30,1,2
1391,1919,1191,28.48626714987362,150,48,4,1
2346,501,1089,36.56483957531219,131,54,4,1
606,1620,1033,46.68777895655877,185,30,3,0
1324,1227,1781,49.403054605554644,130,34,3,1
1076,1359,901,34.43357214084608,107,58,6,0
643,1914,1701,49.58163447367835,118,35,8,1
783,1645,1308,48.420888839121304,123,21,7,0
3809,1063,1232,55.90511663831966,101,26,5,3
2104,946,630,20.558526386355606,154,19,8,1
1762,1231,1184,40.84458979798705,185,54,3,1
3137,1397,1991,58.08631602757126,87,9,6,3
1756,701,1256,51.08403868656717,160,15,3,1
3663,570,1917,58.57523077432933,111,9,7,3
2437,1993,510,19.956414737604167,147,27,8,2
1432,955,1511,56.78878715502083,143,43,5,1
1620,924,1813,16.85262169513454,167,47,8,1
1655,600,747,29.22200031130343,112,14,5,0
2832,518,1947,34.08983791903078,178,3,7,2
961,1063,935,28.063303363397974,95,31,6,0
2608,920,1421,52.443398567596304,149,46,3,2
514,1715,1652,14.310951988732048,171,3,5,0
2304,1841,672,39.59418774038888,167,14,8,2
933,543,1031,42.720210102219426,132,60,5,0
1896,1762,527,28.29912072250264,189,25,1,1
3655,1112,739,24.99435393578216,121,53,4,3
1973,709,1596,62.922759555060686,136,35,1,1
3278,1315,575,12.25311496958769,128,64,7,2
2183,1762,1364,53.50805783631931,107,15,8,2
824,1462,1478,15.414305989912732,182,25,7,0
2598,571,1282,21.710517147967998,186,35,7,1
1254,666,1353,12.141174723196421,81,54,3,0
3622,1994,1435,34.47153500403601,146,7,8,3
1704,1583,1651,49.58163447367835,148,14,7,2
1624,1778,516,15.146074495096048,132,45,4,1
3809,1926,1000,31.444229472914888,179,50,6,3
2574,966,1754,60.95451243129124,117,50,4,2
950,568,1703,21.957916063643914,179,36,3,0
273,1897,1935,58.150347195761725,192,21,8,0
446,1695,1898,67.53855344244475,200,46,3,1
1510,1623,1832,63.37027825642161,120,61,7,2
1122,914,721,43.10836688533345,147,26,4,0
707,1721,1048,47.735985760228935,128,33,4,0
751,890,1873,52.82467270403689,198,44,8,0
3393,600,1465,36.45792483800464,191,48,3,2
3771,1677,1477,26.900491887443074,124,11,6,3
1851,723,1748,49.0179577287576,168,3,4,1
2735,638,1383,55.073661926715126,102,27,4,2
2253,852,1159,27.968379047536914,104,62,7,1
452,1979,1630,46.71498073613448,165,32,7,0
1419,710,857,35.88184205038858,151,32,5,0
969,1034,1293,22.019309292152084,190,45,3,0
3441,600,1162,23.49939988716427,145,22,1,2
3786,1027,1747,65.8360767318739,103,64,2,3
2710,1260,736,20.94990077026784,106,13,6,2
3533,1793,1418,53.10863654723357,169,12,6,3
1735,675,757,22.62360758307927,144,60,5,0
3587,658,1750,54.73258233022673,103,12,7,3
2298,1694,549,31.694640201565445,102,34,7,2
2027,804,818,43.197397047042415,89,41,1,1
2406,1713,974,43.78584703669451,127,27,7,2
2419,706,938,37.924881077728735,108,31,3,1
995,1362,1505,38.26512022498972,131,25,7,0
2078,1527,1116,37.33869132638848,154,60,5,2
1145,768,991,41.00187777049652,159,19,2,0
626,1314,577,17.25238479792145,155,41,4,0
1509,705,1374,53.76475273202974,155,57,6,1
3371,1403,1251,34.99831889545532,164,26,5,3
297,1486,1747,60.62970915917666,85,52,4,0
3508,781,1674,28.48626714987362,198,38,5,3
2385,986,800,35.36937383937225,183,23,8,1
1301,1310,1016,45.97429155813679,105,33,1,1
2167,560,1327,14.406150018783809,81,57,3,1
3914,1348,501,23.32701948285016,116,43,5,3
2312,1567,1621,37.99319536887367,119,22,6,2
2297,1940,858,17.17319559288327,93,17,5,2
411,1979,1532,58.57523077432933,176,19,3,0
665,561,1294,52.3715667317131,193,2,3,0
3226,1717,810,40.1123427236459,130,62,1,3
740,535,811,27.825341355299766,113,48,1,0
3878,1413,1318,51.98660336088383,185,39,5,3
3406,1358,1655,61.73824461607354,135,20,7,3
2440,1519,1702,53.95058853942455,112,30,7,2
3959,1254,1013,35.035616859583534,108,50,5,3
3703,1591,1883,59.68490627614905,154,49,6,3
3714,977,1862,62.076419487517896,165,35,2,3
337,1640,1301,39.46348381678248,169,21,7,0
3176,663,1605,14.594674365083382,183,25,2,2
1205,1744,718,13.218575736534275,112,20,8,1
2473,1624,699,42.59999453368297,150,28,2,2
1229,1108,1742,23.556563600383363,169,2,7,0
2896,1188,1558,58.7442262890797,114,9,2,3
2039,817,766,43.580883932501614,144,11,3,1
520,863,1799,43.43382980650774,133,6,4,0
1378,1397,1658,33.935852479542596,121,3,3,1
3254,1108,1666,57.872308881654966,140,49,5,3
1803,1068,1998,22.26310173641981,184,37,7,1
2501,1702,1491,59.953598932557846,145,52,2,3
3762,808,1891,40.40060743850431,192,8,4,3
1796,1156,1262,56.03865566124222,89,61,7,1
990,1271,650,40.240739835551075,159,54,8,0
2630,696,907,41.37669411335401,197,51,3,1
1380,1981,1234,22.68310499640325,175,45,6,1
3487,614,519,7.078372032555511,128,58,7,2
1201,1590,1595,61.317623757561186,122,7,3,1
3015,1945,895,27.342753396987334,113,21,3,3
3204,1135,1589,42.6300833653114,158,43,1,3
433,1049,1564,9.781844496293278,172,2,6,0
1906,1807,1384,29.98248908243757,125,49,1,2
898,984,1611,51.91407016364974,98,42,7,0
2799,720,1733,58.91268194824985,96,61,7,3
2020,1536,1634,7.078372032555511,105,13,7,2
770,771,922,29.53769564339184,86,25,4,0
305,503,1291,45.192002287362676,185,57,6,0
2953,675,874,35.772700351944614,187,42,7,2
1671,1936,1089,39.528894941070924,182,34,7,1
2574,1303,1604,24.724742438071253,138,15,3,2
3772,1004,1162,48.52531067235072,141,35,6,3
2870,1972,1648,43.374854527249546,102,37,2,3
2577,1822,910,21.39704042148071,195,8,6,2
2246,1159,723,42.35843781773566,83,18,1,1
2405,1782,999,47.6296493541785,157,58,1,2
3377,894,1300,27.63338947182111,168,16,8,2
3619,1884,819,34.62293413541003,185,43,1,3
1184,1648,1238,53.880983514627985,142,17,2,1
2965,798,643,37.33869132638848,96,4,3,2
3713,802,1633,57.89374923826844,157,45,3,3
3798,1276,735,24.064574898440082,130,53,2,3
1026,1331,1226,53.64824227763384,165,16,2,1
1086,1620,1339,33.97441990267415,186,5,6,1
2236,1996,1445,42.054346405574826,122,51,4,2
1303,1092,1424,60.097725110624026,185,45,1,1
3048,1018,883,47.33586277075972,155,63,5,2
616,545,1452,31.860399027106308,131,11,3,0
3764,554,806,14.872952159412264,105,12,6,2
419,1264,849,38.56853210898399,171,34,3,0
2858,1030,1812,53.694880143499695,138,58,6,3
504,1432,947,23.613580917977284,164,39,4,0
392,558,1605,50.9607105362744,142,49,5,0
820,829,1916,15.414305989912732,129,56,7,0
3387,1741,1895,43.81504135332659,143,14,8,3
3447,1849,1123,40.015748498875205,144,15,5,3
1403,733,1409,34.39556373474071,174,7,7,0
2295,1872,1484,27.63338947182111,80,16,2,2
1973,1853,1005,50.66336521058998,197,27,6,2
3755,1149,1675,64.3121064528351,106,30,6,3
2073,891,1724,31.611408219063932,196,25,2,1
3872,1911,1958,67.61070355963324,163,64,8,3
302,550,1930,35.91814234345689,145,23,2,0
1519,576,1518,44.59534416760257,121,27,2,1
2549,1760,1704,26.999442087475423,198,50,1,2
404,969,589,36.09904742730574,124,45,7,0
595,1160,859,44.73820112764,166,63,3,0
1663,827,821,34.50945248035747,160,18,2,0
2764,1786,1671,24.832960341664258,161,58,7,3
2614,774,1865,66.11398900897022,136,8,1,2
1094,819,822,34.12821639418922,83,11,8,0
2826,1042,1018,13.218575736534275,139,11,5,2
2496,1368,829,42.869958553270486,97,50,7,2
2103,1592,522,36.777652575791436,181,50,2,1
966,1067,1009,50.163447405804966,146,14,1,0
2172,1892,1564,59.99481722902484,110,47,4,2
905,915,1448,37.54672342365604,187,56,8,0
3916,774,896,3.818965513718131,124,55,3,3
3902,1848,605,20.226329833838232,179,42,2,3
2487,1501,1056,22.978155574753114,187,2,1,2
3914,1614,1330,47.44292680064803,188,55,3,3
363,911,670,34.99831889545532,181,46,5,0
3233,1520,1909,16.933348321219576,199,24,5,3
2532,1647,1185,22.68310499640325,102,38,6,2
3836,1347,1008,50.062800126178836,108,53,6,3
3076,967,1642,25.472016167641037,92,25,8,2
1513,1442,1668,64.48342592983899,145,56,5,2
1724,1204,1482,35.69973725951283,199,10,7,1
542,1320,1229,18.024631603453262,144,41,7,0
3481,1800,823,32.63533244657054,100,8,7,3
3991,1567,1326,22.504115094606117,153,22,3,3
1790,1439,932,40.65496272989937,147,20,1,1
509,1422,926,0.8176089098576705,112,3,1,0
282,1591,1641,38.095415832156206,161,52,3,0
3006,880,660,40.84458979798705,198,6,4,2
1913,1929,1051,30.507030850834408,163,19,6,1
1333,1642,1889,65.61279873818349,102,5,5,2
3746,1511,1982,61.13636882155392,114,21,3,3
3941,1312,893,15.764757040364639,163,10,2,3
3970,1852,1163,39.167652827020724,196,10,1,3
3925,972,589,28.157884562117932,82,44,7,3
424,691,962,49.81019643555945,108,33,4,0
1284,807,697,41.93203117268036,158,8,5,0
277,1113,1312,52.179478778941096,145,25,1,0
1713,721,1862,32.95572384936142,125,16,1,1
485,1188,1469,54.59548725800992,198,54,6,0
3002,1512,952,29.805429446133946,131,52,1,2
418,805,704,41.12723311220598,97,64,4,0
1652,918,671,41.500807646382725,123,8,7,1
2893,1320,1583,16.44290454489426,168,48,5,2
1406,1236,809,37.024248783621815,188,57,1,0
629,1387,1151,45.388968810593774,98,61,3,0
3724,1883,791,37.51213888900916,95,30,2,3
3835,839,1391,38.63560322168386,175,14,7,3
1354,1593,1336,44.70966996409022,130,52,8,1
2376,1722,1638,55.25461477610669,88,25,6,3
3438,1954,690,42.11535770939268,126,7,3,3
2655,1788,1073,35.40624665383392,150,2,6,2
3361,1628,643,33.114660324147074,101,33,6,3
3535,1965,1660,50.46405623406697,84,4,7,3
2150,833,1395,30.936830838794187,124,27,1,1
2587,571,783,24.45197110004716,141,43,3,1
2736,1808,1208,43.345333778952764,92,31,2,3
676,1860,799,22.80160870185793,83,55,6,0
2941,1368,1145,46.98604271390152,115,9,7,3
3336,1161,1169,28.672102764560886,126,21,8,3
3796,1224,563,37.199297275929155,157,33,1,3
3654,902,1360,31.149332020947924,122,63,5,3
2934,787,1423,45.97429155813679,93,11,1,2
2889,854,1152,37.05933068413565,125,30,8,2
3315,1184,1577,37.0943763769909,191,48,1,3
1993,1973,1181,45.584997452865466,152,39,4,2
2509,510,1228,31.901693209794782,120,35,3,1
3534,966,1523,23.896508554850787,118,34,2,3
2246,1438,867,47.41618582727445,169,16,8,2
3165,1986,774,30.202241752721864,95,51,3,3
286,1907,1513,43.31579089497788,105,55,7,0
776,1489,812,21.39704042148071,200,32,1,0
3213,1843,580,17.642857021349162,134,16,6,3
716,825,783,37.82215677431913,94,38,3,0
424,1286,662,6.294970347842259,98,16,2,0
3486,840,1081,50.713056910854185,137,63,7,3
3237,757,697,37.65026888336746,163,58,4,2
1944,814,1406,53.249988523360805,177,41,2,1
643,1195,1001,29.53769564339184,80,8,6,0
2317,767,1995,37.024248783621815,107,10,4,2
1436,1068,1500,50.886554648601525,97,52,8,1
3190,994,530,36.09904742730574,173,56,3,2
2338,1550,832,26.751332629744358,133,21,2,2
1334,1878,1026,23.67045290932007,85,29,8,1
3657,623,672,19.54425452664429,127,6,3,2
2080,1829,1267,43.78584703669451,160,15,5,2
1609,525,670,14.594674365083382,190,35,7,0
3078,1065,928,22.38395013282823,89,14,2,2
590,1425,1897,19.956414737604167,127,35,8,0
2552,1296,1382,56.21615911141724,129,11,7,2
3355,642,1011,29.7164733999565,197,34,2,2
1968,1664,1929,55.23203170115465,177,15,7,2
3358,1498,1076,30.4202842395747,170,8,7,3
1539,981,688,13.923633908297429,136,2,3,0
942,1236,1403,36.13511003787274,143,32,4,0
3669,1673,734,12.904690559032659,187,9,3,3
3612,712,1234,48.00068847007943,172,9,2,3
2351,569,1159,30.59351220855667,170,4,3,1
604,603,1968,68.45209816164218,156,64,6,0
1285,1332,1165,44.62395586939673,187,11,2,1
515,1413,1481,58.405690415850984,128,13,1,0
654,1064,1569,55.164220816019835,184,34,6,0
2540,1444,1554,53.249988523360805,82,48,5,3
3869,1366,1876,41.314483835873936,161,53,5,3
3412,906,1793,53.48465410003063,136,18,2,3
509,1554,1367,29.176600900816698,185,47,5,0
2547,1187,1125,23.95266951366935,122,21,6,2
2735,1156,1913,49.657951180322776,173,30,3,2
1369,1918,1203,31.860399027106308,139,22,1,1
2942,841,828,38.02730222575529,199,39,6,2
2812,730,1155,53.34399226619136,167,6,7,2
3497,878,618,39.00224037199348,153,31,4,2
619,1059,1545,37.0943763769909,182,50,8,0
3483,1578,670,30.202241752721864,200,3,1,3
1475,1829,563,27.87310802287427,112,36,5,1
1950,1132,1293,53.22645879181793,157,8,1,1
3592,1652,1084,30.63665414093423,198,40,7,3
3573,912,1723,20.94990077026784,107,58,5,3
2020,1181,831,32.025230224630214,116,61,2,1
1329,1497,1933,69.82345767269675,92,32,3,2
3568,1790,1980,32.4738517873612,100,49,3,3
1947,1742,1469,54.2280168779956,100,49,1,2
1998,1549,1514,43.551516814224165,158,8,5,2
725,1372,937,42.539746680040594,193,34,4,0
3302,1112,1119,45.16378689798487,190,12,4,3
3884,1005,1556,21.648203060607454,133,46,8,3
1185,783,1263,34.88616467514011,150,27,6,0
1656,1698,1819,35.88184205038858,105,26,2,2
2870,899,1638,41.12723311220598,192,53,4,2
911,1062,1435,45.75228515065515,151,45,3,0
3892,989,1394,26.145595888692064,166,17,3,3
3897,1983,1197,31.402284441253364,125,27,1,3
656,1800,1108,22.563944724268545,87,53,1,0
606,1254,1956,63.42839038259027,146,45,3,1
1653,868,1026,27.14714435974766,83,30,4,1
860,1205,614,38.93585999396879,175,12,4,0
2197,1284,516,20.624295048850236,155,10,2,1
3458,626,1334,15.325423505015037,187,23,2,2
2066,1763,806,19.122848583293834,101,53,4,1
3676,694,1230,50.613619462036645,193,36,4,3
1518,1265,687,27.098005955789468,90,49,1,1
1018,816,558,19.88833902342281,198,14,3,0
1360,904,507,10.189260082212165,168,35,3,0
3449,979,1670,45.61292572617247,164,5,7,3
2524,1531,765,40.62326381200292,162,60,6,2
703,934,1190,37.16435956677386,182,30,8,0
1251,1624,1744,62.62897457609701,200,58,3,1
582,874,1248,34.28126368510236,185,8,1,0
1732,1027,714,20.091845032103066,102,63,5,1
1252,1966,1973,56.65721355976218,144,48,1,2
2146,1048,1670,8.29003912216764,182,29,1,1
1927,1496,506,36.45792483800464,126,38,4,1
3328,959,736,15.055589739222382,155,13,4,2
2462,1349,1019,41.345601817605655,105,55,7,2
1172,1689,674,37.16435956677386,168,13,2,0
3598,1558,1409,17.796579462512145,146,27,1,3
2437,582,1420,50.66336521058998,168,27,3,2
3271,1485,774,30.15842926093485,138,44,4,3
1511,1991,1377,44.42324754660076,94,9,3,1
2981,553,1517,50.86180939716313,119,23,3,2
3119,1231,1663,10.321661103548301,113,7,1,3
3647,805,1538,57.094480861323554,88,34,6,3
3148,764,511,31.02201994734712,152,13,8,2
2829,894,541,16.525678775217365,130,54,3,2
2373,1589,940,40.40060743850431,84,46,3,2
3998,1456,1666,46.22264351478322,80,39,8,3
316,743,1659,63.73732265992659,95,33,2,0
999,1061,1330,19.122848583293834,109,52,7,0
1808,1428,983,39.29943427458693,153,7,4,1
589,674,772,44.39449332147004,93,8,3,0
3317,832,1366,46.3599827731399,93,46,6,3
670,1625,1219,3.818965513718131,107,50,8,0
584,907,507,21.333764749247976,151,42,1,0
2173,1631,1735,50.03760327896887,166,13,2,2
1561,1584,1291,20.624295048850236,135,41,4,1
2073,1382,719,40.208682686602515,199,13,2,1
1401,633,1915,43.197397047042415,102,46,6,1
3764,1444,917,40.59153774442034,104,38,7,3
1275,852,730,37.75350421023637,147,54,5,0
1464,922,1808,57.8079346848487,157,47,8,1
2885,1745,1908,54.914784402398894,159,57,3,3
3458,862,1977,46.60606844908121,107,6,8,3
3019,1754,1452,23.036687200483108,101,52,4,3
1083,1008,1972,46.4968744986151,109,36,1,1
3538,1569,930,37.0943763769909,147,33,1,3
2493,1596,1190,21.20661922426084,149,7,2,2
3726,1807,1968,66.50088536639205,134,61,6,3
1531,1660,1165,14.021468116569412,184,7,1,1
601,1861,1877,65.8360767318739,148,55,7,1
2991,648,1997,46.33255085816269,91,8,5,2
3912,1379,671,32.10730257924496,134,19,8,3
309,1910,1284,50.66336521058998,115,34,2,0
323,1807,974,50.2889429268297,155,13,8,0
1489,1923,1759,44.88055725003137,191,46,1,1
1322,1345,1465,36.84829238810006,162,38,3,1
1846,904,760,11.914202516659133,102,14,8,1
417,1239,661,39.49620420796315,122,52,2,0
3269,1330,1304,35.035616859583534,84,52,4,3
3731,516,698,18.249745532158432,138,30,1,2
667,672,1143,39.10157974893443,95,54,4,0
1241,892,1782,41.56271186326178,94,47,1,1
3941,1778,1445,51.72009672050667,101,23,6,3
1018,1130,1261,15.146074495096048,132,58,5,0
3142,1359,1902,65.72454375551744,86,59,2,3
1444,1866,1782,30.894141162346408,89,47,5,1
934,1597,1667,12.798368304951989,89,34,1,0
3863,1046,1040,26.298427018227887,100,58,8,3
3506,1035,1960,25.101336967940092,99,44,3,3
1944,1175,1394,47.78905593699025,164,19,7,1
348,1261,1591,47.38942818439331,90,11,4,0
550,1068,1910,60.11828312281023,124,51,4,0
971,1713,890,25.154647059544324,104,20,7,0
3984,1688,864,41.40776078378923,170,21,7,3
2973,1413,1994,70.32569419418866,104,45,5,3
2019,559,823,37.856432051596926,82,11,5,1
1587,1483,1552,31.02201994734712,146,19,7,1
1870,860,1463,29.8941004730772,187,48,7,1
1352,1090,1910,64.71106375309498,91,27,4,1
570,686,1392,53.64824227763384,91,3,6,0
546,818,510,17.093629915062287,177,43,6,0
3624,1456,1427,57.59277529005127,193,49,3,3
2944,774,1731,61.638387246584685,188,10,2,2
1209,1068,875,29.312572290577602,197,19,8,0
2752,1373,1348,56.17184172912222,141,29,6,3
3868,1777,616,36.812990967328716,188,20,6,3
3087,594,1263,51.30520183416758,132,28,5,2
947,1524,635,40.74989724892053,124,57,2,0
1484,511,622,19.264381462429483,175,50,3,0
347,1402,1767,52.99052348974608,87,46,7,0
3227,965,653,28.157884562117932,131,53,8,2
3299,1270,1716,62.27438890474036,104,58,5,3
1028,919,570,27.098005955789468,159,13,1,0
714,1963,1813,54.274101845708834,157,34,2,1
2641,1977,1356,54.48094850989222,173,31,8,3
1229,1881,1553,35.589987095406975,158,51,5,1
2622,683,1985,49.886126236551924,173,19,4,2
929,772,1471,44.13477650404663,100,6,2,0
1211,536,705,38.06137568232665,135,53,3,0
1653,1694,1208,55.59213778497986,186,53,6,2
511,1633,906,19.682639794224873,111,33,2,0
3034,1371,663,35.36937383937225,167,52,4,2
1414,551,1916,21.20661922426084,172,54,7,0
2438,1221,1976,69.3872239535067,139,28,1,3
3744,1000,1761,62.76626529815892,179,63,8,3
1377,1986,1520,25.101336967940092,162,64,4,1
3520,1119,915,46.387396787008726,164,23,4,3
3796,1699,1768,35.18437865855977,97,59,4,3
1699,1099,1096,32.35216825003136,146,61,3,1
336,1576,631,32.63533244657054,90,58,3,0
1095,950,843,45.079023917540276,156,55,5,0
325,1081,519,27.536875765759962,99,49,3,0
1223,606,1152,35.147252433505855,146,53,4,0
1649,502,1810,43.07864518671659,199,37,2,1
1898,957,1682,9.642418324948444,160,4,2,1
2609,1658,739,11.327379079972852,159,38,5,2
2265,1681,1005,47.17476334265195,167,18,1,2
2775,1983,676,30.507030850834408,87,43,6,2
1445,1753,1595,32.10730257924496,113,12,7,1
2614,1632,1623,43.10836688533345,132,41,4,2
356,1949,1178,49.81019643555945,145,57,7,0
523,1696,772,21.834584916133394,97,13,3,0
3745,688,1964,33.66453663655461,131,57,7,3
1229,1104,1413,41.500807646382725,199,60,2,0
1402,1122,1963,63.56375462469058,184,28,3,1
2085,504,1795,27.342753396987334,172,46,5,1
587,1154,1801,25.888737327451963,156,14,7,0
2457,1727,1992,61.29751384473913,85,63,7,3
2030,1674,1649,60.670415641787216,89,52,3,2
816,1948,571,35.589987095406975,135,18,2,0
1667,1218,1746,53.95058853942455,150,39,7,1
2958,531,1903,19.613574156242866,189,63,7,2
3705,1057,1055,33.27277394258951,154,5,5,3
2800,576,893,47.093985334573304,162,30,8,2
3773,1960,877,47.65625803437734,165,7,7,3
2050,673,1088,39.62678995943963,88,22,1,1
1754,718,830,37.05933068413565,88,21,1,1
1904,864,1805,41.80932277648093,103,35,3,1
2705,547,541,31.444229472914888,154,37,5,1
3537,623,1781,66.77570558067792,102,3,8,3
1370,1793,722,39.36514392070569,154,27,5,1
1222,1720,646,32.99553578335874,137,19,2,1
3102,812,1309,9.21224337621765,106,64,4,2
2268,980,1758,51.231598341572024,160,33,6,2
2648,643,1079,34.28126368510236,187,18,8,1
2173,1925,1087,50.613619462036645,175,16,8,2
3162,1408,982,47.84206106906035,151,32,4,3
1368,1522,1191,49.83552059892176,124,28,1,1
2746,587,1361,25.524502776685644,111,51,1,2
619,1959,1055,12.904690559032659,191,18,6,0
724,1872,1767,66.77570558067792,89,17,6,1
912,1043,1626,43.40435318733489,111,42,3,0
2784,1809,1661,33.935852479542596,123,23,6,3
793,1703,521,18.836471180323866,92,23,6,0
560,1095,1247,21.834584916133394,197,45,1,0
312,1414,1564,45.918900942350426,137,27,4,0
545,1659,1515,45.44507213609907,88,41,7,0
1591,1540,822,43.04890091753035,197,60,7,1
2746,1342,1638,50.81227883747313,86,31,7,3
893,1189,932,31.77763650339985,198,8,3,0
2514,518,710,36.02680417093667,128,62,6,1
1032,1449,1883,62.39283409774133,144,10,1,1
819,516,1401,47.309054940112105,91,39,5,0
3672,1569,1383,57.07270600994869,111,59,3,3
3833,1312,1791,17.409653920202764,156,24,6,3
1482,1893,1432,55.79356255821758,179,23,8,2
2043,1076,1300,37.99319536887367,105,14,5,1
1229,530,1090,46.305101008535814,118,40,6,0
1816,1044,1262,10.189260082212165,129,33,4,1
2166,1330,1637,53.50805783631931,126,37,7,2
2469,1836,1068,21.142745792023717,104,14,5,2
2575,1741,755,43.49271711047727,140,55,5,2
1375,1869,874,20.820297883578494,152,30,1,1
1732,1331,1531,54.86929690881078,146,55,3,1
673,1655,1348,40.65496272989937,105,4,3,0
2301,605,656,29.627229693084075,162,18,2,1
2676,1245,1434,29.67188767077673,105,30,5,2
1781,1709,1292,49.93667510785578,136,58,2,2
2248,846,1983,54.366141625252006,123,58,4,2
921,1403,1623,24.064574898440082,90,62,4,0
391,688,869,26.900491887443074,89,2,3,0
1719,775,1555,34.35750962878506,185,10,7,1
3262,1154,1827,51.10866475003456,159,35,5,3
1947,1375,772,24.616019025181533,194,35,2,1
2693,1827,1764,25.991805623052443,130,61,7,3
441,1697,1046,15.146074495096048,90,60,4,0
1886,741,594,29.849800423483458,178,14,5,0
1267,1672,1896,57.50646054234315,174,32,1,1
687,514,1320,21.142745792023717,186,57,3,0
2890,1375,1687,48.447017628580994,105,12,1,3
1737,989,1069,10.709460373642976,124,55,1,1
887,1510,1170,17.642857021349162,138,47,2,0
398,1266,1595,55.43491133302339,86,18,7,0
2389,1396,1347,55.52481562377987,138,46,7,2
3431,808,1324,37.33869132638848,161,45,1,3
3601,1542,966,30.37681073236809,182,43,2,3
2459,745,1538,15.236016002408356,102,35,8,1
3230,1735,846,19.05167279164705,148,59,6,3
3646,586,1389,56.3046775024294,188,57,2,3
2200,1341,574,35.44307771333283,107,36,8,1
3862,781,607,31.31821221844964,88,64,2,3
3077,501,1636,25.260908283847467,174,22,6,2
621,1224,709,40.528003892930535,139,44,2,0
2372,1970,882,41.531772417562266,80,58,8,2
2574,618,1781,47.25538888075162,138,63,2,2
2857,1537,1305,42.509587553558106,158,46,4,3
3143,1018,1433,50.837050800336215,153,16,8,3
3197,1545,1352,17.409653920202764,173,35,5,3
2727,1871,1966,27.098005955789468,144,41,8,3
1519,1729,1178,34.99831889545532,186,12,1,1
2438,680,1500,60.588972174775456,131,9,3,2
2674,1106,1212,40.27276901557286,107,54,3,2
2107,635,989,22.68310499640325,97,50,5,1
2262,618,1602,53.554831249309245,143,16,1,2
815,1671,1263,32.5547005666334,179,5,8,0
2829,1562,728,35.69973725951283,105,52,7,2
3022,1975,1607,45.107297751583786,151,31,1,3
2573,831,1490,61.67835184286776,134,62,8,2
2678,1524,550,20.226329833838232,174,10,4,2
1282,1528,1762,34.736012842561834,129,55,5,1
568,1447,1455,44.01880498700563,155,9,8,0
2074,1344,556,33.39082644237608,190,14,1,1
2227,564,1737,47.25538888075162,130,8,2,1
1080,921,1229,55.971930436743406,83,60,2,0
2867,1413,1606,28.948454999666644,200,10,6,2
1075,831,1239,21.39704042148071,86,55,6,0
3063,802,734,37.37345116284708,153,43,5,2
2479,1923,1264,47.81556661933368,86,24,4,2
2394,1193,864,42.145826977739645,196,56,3,2
2814,904,1014,41.62451501507944,112,31,3,2
2094,1285,500,35.51661510762024,140,51,7,1
2315,1635,1411,55.92739776681639,182,2,4,2
2519,1923,525,5.647264090944987,154,14,4,2
735,1851,1967,27.968379047536914,198,12,6,0
1891,727,1377,46.1675815594137,131,32,7,1
1386,1396,1843,21.460120376165907,118,44,6,1
3260,877,652,34.84869267533023,135,46,1,2
2022,696,797,37.58127320106274,103,35,3,1
1716,1009,1043,48.8111976287039,102,2,8,1
3317,1526,1418,45.75228515065515,116,38,5,3
1454,987,565,33.114660324147074,192,20,7,0
2290,1414,887,18.54550911343636,101,49,4,1
3940,1732,656,23.153281741327156,172,61,5,3
461,1587,874,28.252126174336933,148,50,8,0
2219,1097,1352,57.42000134063198,160,21,7,2
470,504,1195,40.65496272989937,178,40,3,0
2495,1159,751,31.73616769306061,80,28,8,2
2944,1910,639,29.805429446133946,146,29,7,2
2361,865,1804,45.94660545791566,159,59,3,2
1783,1930,1920,69.49219983613486,186,16,8,2
2832,860,1581,63.46709878657182,170,40,3,2
931,1268,912,30.97945701046403,182,42,6,0
1344,999,745,6.696684655789813,167,27,4,0
3916,622,511,16.02248819139751,127,9,2,2
1882,1250,1011,43.01913402858311,182,44,7,1
2865,763,1278,26.999442087475423,104,51,5,2
757,1100,1344,48.992165494993046,112,15,8,0
3469,815,1291,50.58872626692913,85,51,6,3
2399,618,896,47.9478771096211,88,57,3,1
3300,553,1892,57.63587870934788,136,18,2,3
2719,673,1247,53.64824227763384,84,3,2,2
3012,563,684,23.727180630949505,115,47,7,2
2836,1590,1109,52.443398567596304,187,14,4,3
2385,1031,1247,37.54672342365604,121,11,2,2
594,909,773,27.825341355299766,97,30,3,0
2968,1880,1019,48.23754905505191,104,7,4,3
3762,1479,645,29.53769564339184,146,24,6,3
892,1271,1788,57.05092190953341,161,2,1,1
467,709,1422,38.83605658413568,81,13,8,0
345,1744,1558,40.49619597471018,158,62,1,0
3033,1314,1858,29.58249913033552,116,40,7,3
2110,1136,1767,58.06495483068225,150,9,6,2
3105,1039,618,36.314837791195465,125,56,8,2
874,1300,1037,24.1759314081227,156,62,6,0
3681,732,1554,54.892045891460356,188,39,7,3
3865,511,759,7.4426526467770575,180,52,2,2
737,1092,571,35.25850350302531,167,11,3,0
3153,921,1469,57.31172314070829,170,10,7,3
2800,1030,551,36.52923924404913,147,37,1,2
315,1130,1579,61.93742055820807,101,27,1,0
1412,1299,1838,58.617530535971014,187,60,8,1
2286,1009,1841,26.70141492287426,115,2,7,2
2392,1735,876,19.88833902342281,140,34,2,2
1857,1129,1079,52.729640881315426,185,49,2,1
1419,708,620,23.44208869589125,116,26,7,0
3305,894,747,20.492537056181366,123,58,2,2
959,530,1012,10.960664765745745,88,32,6,0
2635,1481,522,25.785229699843192,105,35,3,2
1754,1068,1499,49.403054605554644,194,45,5,1
2563,1487,768,19.264381462429483,84,57,3,2
1936,1524,740,22.141558645890157,96,41,4,1
1869,1093,807,25.207837241600643,196,22,8,1
3637,1816,1089,45.807898022022194,186,50,5,3
896,627,507,23.727180630949505,142,20,3,0
2349,989,804,42.023804259221585,132,51,3,1
774,1895,1335,43.668854908175646,134,5,1,1
3397,805,1544,14.500720237002941,168,58,3,2
485,713,1378,55.971930436743406,181,2,8,0
3964,864,1378,59.227098278794195,148,24,4,3
1887,1177,1923,49.657951180322776,181,11,4,1
2977,582,1702,52.08314008152512,107,32,3,2
2114,1898,739,34.35750962878506,185,56,7,2
1542,1158,1796,28.810634911407895,123,29,2,1
3038,1451,1456,46.14002339167224,181,57,8,3
2481,1820,1884,23.211347032126298,163,51,7,2
841,984,707,37.51213888900916,140,9,3,0
3565,580,898,32.79595212499518,135,24,4,2
1958,1263,1609,49.886126236551924,146,5,6,2
2454,1237,603,27.048772043018232,87,27,8,2
3392,514,1723,49.93667510785578,172,37,1,3
262,1515,1593,60.7923527313312,184,56,3,0
530,721,1988,60.95451243129124,194,6,4,0
3703,603,1057,42.690191097917705,126,35,3,3
2562,1426,1032,45.16378689798487,109,55,1,2
574,1820,1951,54.75539443469106,161,64,1,1
2632,1215,1473,34.736012842561834,130,16,4,2
259,697,1477,35.626611394114214,173,20,2,0
688,717,1106,24.064574898440082,198,10,1,0
2554,1348,741,35.25850350302531,145,36,6,2
3859,1164,1656,53.601559354563335,88,61,1,3
2977,578,1134,40.65496272989937,170,62,5,2
571,1971,922,35.88184205038858,186,40,7,0
402,1794,627,10.321661103548301,86,55,7,0
878,1558,1385,29.312572290577602,114,32,5,0
2130,1597,1145,47.97429082141418,85,4,1,2
3260,1240,1756,62.25462358066424,146,39,2,3
454,1994,711,41.93203117268036,88,7,8,0
2638,1221,1899,44.82367457977059,152,35,7,2
2819,989,679,40.27276901557286,156,24,8,2
1464,1180,1252,49.14669433393065,144,50,4,1
1824,718,1387,55.38989834867599,113,59,6,1
876,1670,1886,65.98445951003524,139,47,8,1
2706,534,1477,30.4202842395747,164,21,7,2
659,1566,1930,64.04459122355283,126,20,2,1
455,1935,860,45.97429155813679,124,29,5,0
2378,504,1539,55.88282563075969,163,54,2,2
2278,913,1144,33.85857449925233,103,41,1,1
3436,1317,613,21.834584916133394,113,43,5,3
3424,917,909,33.547528984660076,88,31,6,3
401,712,1743,54.15880774847985,99,49,6,0
681,1083,1469,49.14669433393065,126,52,2,0
3212,1039,544,12.583061667146223,136,6,6,2
3105,1747,873,45.807898022022194,185,13,6,3
2036,1449,947,23.727180630949505,105,52,6,1
3153,1872,1389,14.500720237002941,139,49,7,3
1642,1796,798,41.93203117268036,101,7,4,1
509,1097,519,32.83597405009027,181,60,1,0
3465,1562,1676,42.26746277798675,172,20,8,3
3900,1433,1651,64.3502214960653,153,27,7,3
1105,740,1147,49.403054605554644,123,12,1,0
2064,676,1011,47.54972459230465,84,39,1,1
3117,503,1688,61.93742055820807,131,13,1,3
1142,1020,1613,47.70942620849148,96,7,3,1
1060,896,1469,59.5812032011979,111,4,1,1
2381,1824,1738,52.3715667317131,143,19,2,2
3366,1512,1838,24.23140623090246,134,54,3,3
1339,1053,1261,33.39082644237608,126,42,6,0
2560,1944,1362,53.694880143499695,87,31,4,3
285,1174,1461,53.3674644867332,91,25,2,0
2476,627,819,34.47153500403601,131,12,7,1
1862,1602,1062,26.999442087475423,118,46,1,1
3488,1733,997,39.49620420796315,170,6,1,3
3178,586,598,17.487743627769603,142,8,8,2
733,1528,564,28.579347165336646,156,37,8,0
756,875,1316,28.29912072250264,110,23,7,0
3622,1602,1746,57.029128548809666,170,58,1,3
1277,1426,1694,63.46709878657182,174,12,5,1
3703,1370,1783,59.85041472507656,158,6,6,3
1905,609,1524,17.25238479792145,81,10,6,1
2636,840,1728,37.33869132638848,178,15,6,2
2014,991,1678,55.92739776681639,158,12,5,2
3056,1724,828,41.56271186326178,100,9,2,3
465,584,1622,53.9737680648772,168,19,3,0
3869,860,979,42.690191097917705,141,49,6,3
1108,1541,1052,45.69659762427008,165,28,5,1
1906,615,1958,51.549705911486726,130,58,5,1
851,912,1310,50.91128657524648,84,46,4,0
3142,1278,1504,56.70110916876589,172,60,7,3
1300,1365,970,27.968379047536914,125,31,4,0
1430,1702,1931,56.613280082441335,177,36,5,2
362,589,1858,44.65254737556525,146,59,8,0
2456,1347,1528,32.5547005666334,95,56,1,2
2360,1644,791,30.894141162346408,137,44,8,2
3700,956,1614,32.755877204344635,133,42,7,3
2620,1089,1409,23.727180630949505,153,2,7,2
437,871,1437,22.742438272304195,178,52,3,0
3774,664,1472,52.872117552695734,164,6,2,3
1218,1874,1418,56.56930864302702,192,19,2,1
696,1928,1004,24.724742438071253,162,5,5,0
3407,888,1683,29.53769564339184,198,33,2,3
3902,1077,1892,18.908487230359462,86,58,7,3
2086,1023,1744,2.7943298961413667,80,30,8,1
1356,1426,1163,43.374854527249546,84,42,3,1
1704,831,621,36.812990967328716,177,26,5,0
3571,1496,1383,38.12942276838049,85,6,3,3
2132,1433,784,33.4300767972156,129,5,5,1
3209,1095,1066,46.85072816032232,103,44,4,3
2096,643,1400,28.948454999666644,156,23,1,1
1273,1142,1766,44.07683274064115,198,6,4,1
3623,730,846,12.583061667146223,112,27,5,2
368,1901,1662,1.945440938800124,131,41,2,0
854,1510,1520,50.11315174317078,135,32,3,1
3646,1924,1923,60.7923527313312,136,59,6,3
3130,1825,1773,64.38831132908751,157,17,4,3
3784,1275,501,6.498519901412479,152,5,1,3
3885,987,1274,48.158738596777134,124,17,7,3
1494,1538,986,38.735971755444794,121,13,7,1
2973,1965,676,39.29943427458693,149,29,5,3
1471,808,974,36.27896987771415,185,20,6,0
2001,712,1309,56.72304280184952,86,27,2,1
1486,1507,888,42.38871515539355,123,42,5,1
1321,912,794,43.63955293341105,182,47,3,0
1877,769,1454,59.68490627614905,95,17,8,1
3499,948,1654,26.19664532208072,173,22,5,3
2124,507,1084,6.085594094299669,142,39,1,1
1221,1384,1210,50.613619462036645,82,60,3,1
2316,1766,1306,34.16654804549301,194,29,8,2
1068,1407,1206,49.14669433393065,170,16,4,1
1930,614,603,32.99553578335874,94,24,4,1
1316,1972,952,27.968379047536914,196,14,7,1
1742,1039,1878,31.984108578517404,130,47,8,1
3265,511,1285,19.88833902342281,125,34,8,2
2700,1811,568,34.47153500403601,98,5,4,2
2115,1159,1206,43.43382980650774,104,36,4,2
3915,1848,533,22.80160870185793,178,12,2,3
3144,1988,696,20.15920443798773,94,16,8,3
1571,1469,1850,65.85464502700412,150,58,7,2
2253,1423,640,36.45792483800464,131,44,5,1
1433,1974,1496,37.4775194967242,145,10,6,1
2583,835,1378,32.4738517873612,128,42,5,2
1817,1429,1552,42.023804259221585,151,42,5,1
2915,947,887,22.68310499640325,144,51,2,2
3340,1446,1769,30.59351220855667,178,18,8,3
2790,1332,855,47.067025306546974,168,7,7,2
577,1498,1167,17.093629915062287,191,14,4,0
3220,1576,1386,56.016423740525056,173,14,2,3
3488,1398,1284,44.53806001325298,150,26,1,3
1277,1885,1517,60.13883330030977,92,14,4,1
3593,798,627,36.314837791195465,148,2,2,2
2736,1436,1836,68.16697095066048,124,42,8,3
2311,1998,1356,11.20643190345036,196,31,8,2
1464,1321,941,46.2776331906141,109,63,8,1
1355,1021,1793,48.52531067235072,192,9,2,1
2382,1339,1269,23.783765126780974,123,40,2,2
1886,1210,1039,29.627229693084075,111,57,4,1
832,1949,1182,46.8236134320207,145,31,5,1
751,882,884,25.733309450213934,151,28,6,0
436,1549,1162,40.84458979798705,113,27,5,0
722,1991,613,31.233895428377174,82,42,1,0
1075,796,518,21.523006338300192,114,12,1,0
2802,1012,1195,48.02707008358106,161,39,4,2
1780,1318,1591,42.56988232263875,188,11,2,1
1247,1708,1345,26.500739087381117,197,14,4,1
3066,598,764,17.642857021349162,117,62,8,2
403,541,1226,51.32971034027981,200,51,8,0
2518,818,1552,39.36514392070569,192,23,5,2
1069,1414,1233,28.015884318141573,168,15,2,0
2651,601,1827,46.305101008535814,169,6,4,2
2974,561,865,33.66453663655461,99,40,7,2
657,1616,1133,20.024249262860565,100,52,5,0
3372,1263,644,32.99553578335874,103,32,2,3
1464,1604,1156,41.12723311220598,93,63,5,1
1326,539,967,49.98716739494507,86,24,4,0
3393,1071,1970,58.51171725911702,199,49,4,3
323,826,530,30.722741941752947,135,57,2,0
1628,771,1781,66.04000694390108,106,62,1,1
2610,1811,1553,53.41437458203368,132,33,8,3
3721,1842,1227,45.33278892518768,179,56,4,3
763,1420,1393,22.742438272304195,100,50,8,0
792,1763,1893,25.207837241600643,184,10,3,0
1568,1163,1076,48.992165494993046,133,2,5,1
1276,1805,891,44.62395586939673,182,29,4,1
3472,610,1273,51.98660336088383,90,52,4,3
2520,1533,1393,52.3475984878792,160,17,4,2
3423,1924,686,17.94894611102919,111,63,2,3
258,1801,1708,16.191990159916923,120,52,6,0
1868,1726,1804,56.19400527932138,106,42,5,2
2171,794,1376,28.85665354018262,197,14,3,1
780,1686,1073,39.789362276253186,182,28,5,0
712,1444,1340,57.35506172351996,103,6,1,0
1012,1004,581,12.583061667146223,160,30,8,0
318,1242,1796,28.9942385968187,166,28,4,0
3948,539,1709,53.9737680648772,137,26,6,3
629,717,1981,69.08882173147401,99,14,8,0
1161,1540,831,29.131125392299747,157,29,7,0
1403,672,1267,38.96906565050124,99,35,8,0
3707,1325,1915,59.03867237077005,133,13,4,3
1305,950,1681,14.96455222371938,124,55,8,0
2926,948,1728,30.114548058899913,119,18,4,2
2674,1328,1156,39.88655733683399,144,27,3,2
471,1447,1062,50.11315174317078,184,40,2,0
1724,1973,507,18.32414906742861,95,21,8,1
1220,1731,1039,19.404842463204282,171,60,4,1
2754,1617,1079,27.048772043018232,111,63,2,2
594,1791,682,31.444229472914888,110,33,5,0
1005,851,1007,45.47309518216738,101,54,2,0
2439,856,1027,32.433345536132535,115,14,1,1
2302,714,1527,41.18975382736758,145,30,4,1
1083,951,935,47.28223032016606,81,15,2,0
2219,1303,1873,58.65979632363594,109,10,8,2
1571,1550,1619,62.84456681712042,126,32,7,2
2107,1759,1163,31.901693209794782,101,15,4,2
593,1448,1144,47.067025306546974,100,2,5,0
857,1987,1925,50.03760327896887,119,50,8,1
3518,908,941,20.226329833838232,95,44,5,3
1284,820,694,35.25850350302531,160,58,4,0
545,904,1496,53.297013399120445,147,19,6,0
3566,667,870,26.950015550255767,149,6,6,2
2821,1109,1103,20.94990077026784,173,34,1,2
3442,1333,1301,32.392784428173236,183,59,7,3
1309,1352,1299,40.74989724892053,92,6,6,1
1179,1600,1713,46.66055967042695,88,19,6,1
1713,1454,910,48.577428529091094,80,37,8,1
1663,1489,1759,49.095244504983135,169,9,3,1
1812,1823,1250,31.064519917544622,81,10,8,2
1384,1581,850,42.720210102219426,172,41,4,1
1348,1672,1435,56.832569717924244,172,44,8,1
3957,1283,1923,54.251064797228146,80,27,4,3
1212,630,1448,13.01015291359438,180,14,8,0
3925,659,1877,49.120976871766075,151,24,8,3
348,1811,1132,23.32701948285016,115,32,6,0
1382,688,1957,31.65305379030505,109,40,5,1
980,514,1492,53.037803742014255,141,18,2,0
838,1933,1473,24.724742438071253,154,16,3,0
378,915,1316,47.84206106906035,91,31,3,0
909,1006,991,9.21224337621765,135,22,4,0
3632,1134,903,6.294970347842259,92,13,4,3
3396,599,646,16.44290454489426,186,64,8,2
1861,973,588,16.608031585830886,196,53,5,1
348,1180,540,21.142745792023717,90,27,6,0
2528,1237,1004,6.294970347842259,98,13,4,2
2190,659,730,41.68621757327346,169,5,8,1
663,1142,855,37.61578832115055,190,6,8,0
961,1002,512,27.585177832747945,185,11,6,0
1280,1392,1098,35.772700351944614,113,44,4,1
2189,602,1717,63.42839038259027,141,50,8,2
531,1249,1193,39.983493587977705,140,55,3,0
2331,531,1657,20.492537056181366,121,12,4,1
794,1450,1639,63.46709878657182,114,31,5,1
2644,1342,620,18.32414906742861,173,50,1,2
1666,832,1431,30.245985841701373,198,22,1,1
2157,867,724,27.777486635248604,159,57,4,1
1196,1404,1880,65.92885973238492,151,44,1,1
2072,840,1591,61.67835184286776,150,33,6,2
1590,1368,925,48.68147917509363,91,42,1,1
2916,1927,1506,36.09904742730574,190,11,8,3
3707,1714,627,27.681511166470628,120,31,2,3
726,1201,1723,54.61836298885142,198,10,6,0
3577,1796,1363,51.62280688910793,184,44,2,3
2627,1147,1134,53.085037266553805,158,28,6,2
685,776,1803,50.81227883747313,146,20,4,0
1693,510,1897,52.29962544621013,110,33,6,1
2137,1045,1564,52.91951520633845,175,40,6,2
3696,1497,977,16.02248819139751,153,10,8,3
3771,1425,1648,32.4738517873612,89,33,3,3
1342,726,978,29.357745578434898,94,40,4,0
1379,1576,1551,33.03529571120543,148,20,3,1
1164,714,1857,66.79398196045516,197,11,3,1
908,1595,1988,61.53834903579285,88,63,1,1
1019,541,1873,68.34533151038366,127,10,4,1
3685,1617,676,27.488482783059833,113,29,6,3
1470,1154,1240,37.7878475260897,98,5,1,1
2299,1638,563,34.20483303629339,189,2,1,2
999,1150,800,32.51430339394853,151,39,8,0
3011,1254,1021,23.32701948285016,149,44,1,2
3142,1806,727,30.4202842395747,117,54,1,3
1543,603,1284,51.10866475003456,114,12,6,1
3692,1834,1987,0.0,99,40,4,3
2753,520,519,26.55105995926242,145,31,6,1
2156,565,703,37.924881077728735,158,50,2,1
2637,1689,675,35.221462301843104,150,9,5,2
331,742,925,47.84206106906035,104,21,8,0
1214,1143,1724,53.811278497936314,125,22,3,1
2248,761,1945,58.44812686022244,196,3,7,2
3073,959,1331,58.1929910580759,196,36,5,3
422,772,1802,38.231245220364855,134,8,7,0
2293,1015,679,29.8941004730772,102,12,3,1
3958,1824,1105,11.20643190345036,103,2,1,3
432,1130,1327,39.59418774038888,130,29,1,0
1152,1183,1010,26.751332629744358,120,48,8,0
1303,574,1364,31.901693209794782,118,26,6,0
797,1472,892,34.3194096651495,169,20,2,0
298,1868,884,39.03538424089695,179,40,8,0
3847,1375,679,39.69190641598665,147,20,6,3
2110,881,636,17.409653920202764,160,64,3,1
1921,1742,1407,30.808570205590375,176,43,3,2
2423,1225,1567,4.4020043506028985,107,60,2,2
1658,1970,1684,59.99481722902484,132,15,2,2
2361,1186,584,13.218575736534275,160,21,8,1
1380,1762,790,41.18975382736758,157,60,4,1
3892,1731,1988,46.05723971656186,163,4,6,3
315,852,1349,42.41896874459666,160,8,5,0
2289,848,527,11.914202516659133,151,36,4,1
2182,1575,818,36.13511003787274,185,11,7,2
2184,1554,1492,42.899839285131044,105,23,6,2
2872,1972,804,27.825341355299766,92,48,8,3
2367,827,826,7.262546638573529,87,35,6,1
1919,1063,849,32.392784428173236,155,3,4,1
3296,1695,1742,43.31579089497788,84,34,5,3
462,1343,1205,52.5628763636177,81,14,8,0
1591,834,1463,60.4461515786625,123,27,1,1
1593,595,816,40.55978446040294,122,20,2,0
2456,1081,816,14.688023767711652,101,42,7,1
2933,911,1692,63.273292227444294,199,14,4,3
3154,844,1995,45.16378689798487,197,22,7,3
3615,1335,559,14.688023767711652,180,60,2,3
3563,1883,915,23.269259228916553,87,24,1,3
1440,1128,1226,49.479676175510924,147,33,8,1
1907,826,1183,52.895822270485816,117,57,2,1
324,1650,881,45.05073052471126,89,38,1,0
1404,1162,866,29.760987214597865,104,50,4,1
2738,1517,1645,38.83605658413568,169,8,4,2
2722,963,821,44.16371699808933,156,60,3,2
2294,1837,1539,60.4257179038977,103,12,8,3
1424,1028,1923,67.71876745015922,193,30,1,1
1133,1831,1790,65.74314727881881,189,55,8,1
555,571,1536,8.607599014996193,101,58,6,0
3785,1770,1373,53.39092525334603,183,9,6,3
3675,970,1786,67.06745922760429,84,59,7,3
435,642,1775,48.158738596777134,86,38,5,0
3183,622,1964,44.6811187269083,193,11,8,2
3495,600,1032,35.91814234345689,199,6,2,2
1853,1412,660,1.4330012353024384,86,57,3,1
2648,733,1787,23.211347032126298,138,16,4,2
2647,1070,1614,15.325423505015037,160,19,7,2
702,875,853,35.295502401021096,146,30,8,0
1836,1994,1546,14.96455222371938,189,5,2,2
3894,823,1350,55.2771875966394,182,18,5,3
2944,1908,1046,19.264381462429483,111,30,2,3
3424,790,1437,53.437812488763015,89,44,8,3
2678,1330,892,22.742438272304195,177,40,1,2
2424,1660,569,34.20483303629339,100,15,8,2
2671,1776,1803,63.273292227444294,82,20,6,3
3078,1611,1011,20.820297883578494,199,27,1,2
2304,1410,1311,22.62360758307927,92,15,3,2
1146,1772,1405,46.8236134320207,159,45,2,1
2335,1280,588,30.808570205590375,108,39,7,1
1422,1712,663,20.29322353454168,155,23,7,1
2096,1562,1776,51.81718407769932,140,55,8,2
1303,891,1435,9.919414814046931,153,18,6,0
1115,1957,1727,55.59213778497986,151,36,2,1
456,1110,1262,55.25461477610669,192,42,5,0
3396,875,969,48.55137733371119,104,43,8,3
2750,1211,963,12.141174723196421,130,28,2,2
941,769,1780,59.70562280183827,112,54,4,0
2278,671,1617,40.27276901557286,95,2,6,2
2273,1872,1088,42.08486420378331,172,26,4,2
2355,1076,1718,53.15580022769222,191,14,5,2
2328,1325,695,36.38645799955738,146,50,1,2
2638,911,763,20.426324923066122,182,28,2,1
558,1273,1399,35.88184205038858,178,23,6,0
1345,1062,817,38.86935554415304,124,39,4,0
425,1317,542,33.85857449925233,154,12,2,0
2192,940,1090,36.38645799955738,115,16,4,1
3397,729,1055,38.602083598615444,135,14,6,2
1208,1494,1003,49.63252670881079,93,3,7,1
267,1546,1491,54.32014338910778,124,27,2,0
3518,1253,647,20.689845145349185,113,34,4,3
3122,895,1575,18.249745532158432,164,16,8,2
1050,793,1196,5.647264090944987,124,43,8,0
3358,1628,1713,36.422210531203405,136,56,2,3
2929,625,1771,23.269259228916553,138,42,8,2
624,1110,1950,50.062800126178836,153,12,8,0
1598,999,1970,40.080172994980025,132,49,1,1
2052,1856,1155,27.196187783967627,155,24,5,2
1249,1715,1849,17.33120259064908,120,15,6,1
412,1897,738,40.7814882301854,154,54,2,0
595,1202,1742,32.79595212499518,122,19,2,0
263,1171,755,25.733309450213934,167,19,7,0
2577,964,1234,24.506783276021093,86,22,8,2
639,1973,851,42.899839285131044,193,46,4,0
3206,1992,895,41.37669411335401,141,2,1,3
1550,546,1658,33.27277394258951,159,26,5,1
1646,1093,1420,58.129012199871056,171,31,2,1
1930,1880,1983,49.27505893813389,200,35,4,2
3695,1765,1175,46.769331904441685,87,11,2,3
3235,1640,1806,41.84003693290621,87,36,8,3
2334,1830,1583,34.960977639685,191,7,6,2
1998,826,1615,45.192002287362676,187,62,4,1
2258,1864,1545,24.506783276021093,142,7,1,2
1869,586,1118,45.388968810593774,121,42,7,1
1825,1206,1713,63.62166940858808,127,30,3,2
3946,832,1944,4.118311347443192,165,5,5,3
436,848,1294,3.501203198937287,103,8,7,0
2678,1851,1175,21.523006338300192,112,53,6,2
3887,1166,638,34.08983791903078,80,59,1,3
1813,1776,623,27.245136752702567,172,35,4,1
817,1254,1372,57.6574169678987,134,27,2,0
3614,1494,1190,50.513965143907576,101,24,1,3
2013,984,1931,11.914202516659133,119,39,8,1
543,1179,1429,48.837095597053704,154,5,5,0
3400,513,710,27.43999839249033,174,27,8,2
2623,557,710,29.312572290577602,89,17,6,1
2700,744,1963,56.87631478381931,105,33,4,2
1400,1129,1702,54.0895002505045,116,21,2,1
3127,1148,688,40.015748498875205,170,58,5,2
2803,1793,1459,41.56271186326178,175,44,5,3
2518,1310,970,49.886126236551924,150,15,5,2
3564,1604,1042,13.218575736534275,191,6,6,3
2515,1676,1197,18.836471180323866,145,37,1,2
3654,1001,1836,49.06949720879925,117,40,3,3
3930,1086,1976,69.01839940399893,135,24,8,3
3476,1986,599,25.888737327451963,89,39,7,3
3242,634,1853,59.227098278794195,192,41,1,3
2666,502,1159,27.39142209747995,82,52,6,2
1695,1641,1994,24.45197110004716,97,48,8,2
3510,623,844,45.192002287362676,189,15,3,2
3438,962,1424,38.02730222575529,161,17,8,3
2033,1057,891,32.51430339394853,97,41,4,1
1017,1862,1046,32.06629481611175,182,62,1,1
1686,555,1970,23.896508554850787,193,38,2,1
862,1000,833,34.99831889545532,135,58,5,0
957,841,675,18.175027351929224,81,11,5,0
3494,865,1009,29.8941004730772,89,16,4,3
3083,999,1641,30.202241752721864,165,56,4,2
1656,1232,761,40.62326381200292,131,30,6,1
313,1194,509,36.2071178356992,165,34,2,0
3282,612,1487,54.48094850989222,179,20,8,3
3629,1362,1042,39.821789508720826,186,47,6,3
1687,1469,711,35.84550170549739,169,44,2,1
1149,986,679,23.036687200483108,182,28,4,0
3899,1843,832,6.889853767143089,104,62,3,3
1783,1561,1811,48.10611899154307,134,4,2,2
1629,1695,1208,28.672102764560886,189,47,5,1
2528,667,1947,51.40315815986761,185,8,1,2
3256,1768,1814,57.979422398339075,88,2,7,3
2341,1269,1036,32.87594317998443,180,41,8,2
2785,1109,833,18.099990682993244,151,57,1,2
3761,936,1677,19.956414737604167,164,14,3,3
1513,1713,1963,16.85262169513454,199,5,6,1
2240,1175,557,15.325423505015037,167,45,2,1
820,1940,1809,39.43073369028573,194,5,4,1
1875,855,1196,51.72009672050667,159,59,2,1
920,771,1247,45.135552065541,157,33,3,0
3615,645,584,27.245136752702567,174,63,4,2
1412,1307,1103,48.420888839121304,88,7,7,1
361,1948,700,41.438801889345356,136,5,1,0
1540,1509,1684,51.28068034550619,81,50,4,1
1077,626,1759,44.01880498700563,109,11,2,0
3610,1190,1646,59.99481722902484,93,40,5,3
512,1727,1288,31.65305379030505,158,57,6,0
3024,1670,1330,53.83452463913322,114,62,8,3
1610,1150,1947,24.99435393578216,134,27,1,1
2201,1208,1028,42.66014886947076,175,16,1,1
3338,1812,1550,31.819046869601223,162,42,7,3
3473,770,1483,39.91889807959182,196,61,4,3
2203,1559,681,17.565476449842254,114,10,8,1
940,1902,877,44.852125851398206,155,13,4,1
1155,1751,1952,62.016891092657644,146,4,8,1
3872,1416,1578,55.164220816019835,93,20,4,3
1882,1288,1503,50.737882545397305,115,61,6,2
1798,1003,1905,22.504115094606117,119,16,8,1
2598,1715,1375,42.145826977739645,96,18,6,3
1567,1967,1374,37.05933068413565,199,46,1,1
1491,962,1916,64.33116712871514,125,2,1,1
2003,1487,989,47.362653842189495,120,42,2,2
3905,1569,665,31.444229472914888,190,54,4,3
291,1146,583,13.725874172385033,111,57,5,0
1693,1379,755,16.02248819139751,118,9,8,1
1788,1504,1853,32.433345536132535,152,25,4,1
3322,1945,1540,52.586735790552325,112,26,6,3
1751,1630,1726,43.2862258276895,80,32,6,2
1641,1125,939,45.079023917540276,117,23,1,1
2854,614,1040,51.32971034027981,178,51,7,2
3115,854,1148,43.81504135332659,101,17,4,2
3259,1470,1090,45.16378689798487,121,45,1,3
1612,1826,1633,50.36407405554301,172,49,8,2
2319,807,829,25.576874697830547,127,37,4,1
1258,1996,1083,49.454150248691754,138,7,5,1
1543,1083,1164,49.454150248691754,158,41,5,1
3991,1035,1171,38.96906565050124,178,49,2,3
3555,1521,1630,42.26746277798675,143,62,1,3
3411,1314,512,14.594674365083382,87,5,4,3
524,535,1775,32.5547005666334,190,24,8,0
3541,673,1570,53.34399226619136,142,35,6,3
1998,1219,1698,60.405276521111716,169,4,6,2
3437,1606,770,20.426324923066122,200,33,5,3
1637,1603,1207,33.819863602808354,114,17,2,1
3064,1958,1848,62.51102881751878,153,52,1,3
2855,695,1829,64.91894837948988,196,12,2,2
1393,1441,954,26.043176682406855,106,53,1,1
1633,1470,1988,67.52050243049536,138,33,7,2
2392,1890,1832,60.7923527313312,127,48,4,3
3284,1152,1673,58.00081867376225,82,26,2,3
464,1619,1180,46.1675815594137,117,20,6,0
1234,1002,1007,49.73413829137977,180,45,7,0
292,742,1288,54.84653744061737,139,36,3,0
2521,1306,1258,47.6296493541785,174,33,3,2
2658,1424,1199,21.957916063643914,180,20,5,2
587,942,1532,44.509387478411846,91,27,4,0
2190,1934,1127,25.419414147962154,118,2,4,2
879,1290,742,32.83597405009027,110,35,4,0
1743,930,1763,63.38965557644657,80,54,1,2
1181,1699,1099,16.608031585830886,156,21,4,1
3330,1849,1986,50.48901751935433,181,29,7,3
3564,1922,1882,43.668854908175646,153,42,8,3
562,548,1657,41.62451501507944,146,56,4,0
1659,916,1393,54.526796085009074,82,47,4,1
1816,1783,1566,48.759356046698656,183,14,8,2
1338,1083,503,28.063303363397974,156,49,5,0
2992,1698,508,7.791624711513055,131,7,8,2
315,1969,764,29.760987214597865,85,7,8,0
3249,869,533,37.0943763769909,197,2,7,2
3242,1337,1029,20.689845145349185,200,5,4,2
2725,637,1289,52.9668657992604,194,28,4,2
586,833,1290,41.37669411335401,145,27,4,0
2454,1248,1686,13.525228668942615,89,9,3,2
804,1174,1244,44.221535426910215,147,30,4,0
2460,1831,1113,34.08983791903078,148,44,7,2
1295,1002,1111,17.409653920202764,146,27,1,0
2625,1010,957,38.06137568232665,139,8,5,2
1999,1117,1035,36.243063265848605,177,21,2,1
2698,990,1717,61.3578215249421,153,15,2,2
3742,1564,1115,17.565476449842254,129,26,6,3
1193,1065,1722,44.6811187269083,158,21,5,1
3511,1982,1873,44.795203395286556,129,24,7,3
885,1607,1005,45.135552065541,192,20,2,0
1044,1066,1504,11.565588538251994,167,5,5,0
2548,681,1702,31.444229472914888,194,17,5,2
2940,1163,818,43.756631279132726,132,19,2,2
3966,1285,1896,67.53855344244475,199,11,5,3
3484,753,1316,40.015748498875205,121,48,8,3
1246,1779,1717,56.28256242097895,90,5,1,1
2757,987,736,33.39082644237608,83,52,3,2
2378,511,1264,31.27608452179028,136,24,3,1
1794,1044,1263,56.39304137541821,104,12,6,1
3933,1855,1161,26.70141492287426,187,32,8,3
1637,946,891,26.999442087475423,186,26,6,0
783,657,1905,43.07864518671659,110,21,8,0
3094,1673,679,23.896508554850787,182,42,5,2
1774,731,1032,33.58658068991916,130,28,8,1
256,926,793,14.780779467548308,161,59,7,0
1365,1261,1429,39.983493587977705,86,52,2,1
2339,618,1586,55.164220816019835,188,45,3,2
2049,936,938,41.62451501507944,129,57,2,1
3241,1485,1023,31.444229472914888,158,28,5,3
867,1339,1441,46.71498073613448,80,21,4,0
2175,508,1195,16.359702654842202,82,50,5,1
3497,1938,1935,57.89374923826844,121,44,2,3
609,995,1889,26.2475888227395,104,10,4,0
3285,1086,1150,11.914202516659133,111,43,6,2
3684,1322,708,34.3194096651495,157,35,1,3
3586,1864,1793,57.46324904154748,181,57,6,3
2322,1944,712,28.902593441345914,92,26,4,2
354,581,565,37.23419920188799,180,56,2,0
3204,1020,1482,48.992165494993046,128,27,4,3
1400,1936,1021,38.83605658413568,139,44,3,1
2308,1329,682,31.819046869601223,198,23,8,1
1082,808,529,17.719889878665775,105,46,8,0
3104,994,839,28.110636630322457,164,40,2,2
2847,1811,614,30.894141162346408,82,22,2,2
2256,765,1851,59.268880071407935,88,44,8,2
1113,993,1639,33.58658068991916,106,16,7,0
3210,1136,1030,50.062800126178836,150,32,6,3
3990,719,1727,33.85857449925233,113,23,6,3
984,733,1739,49.784858011883856,105,63,7,0
3117,1946,1849,41.314483835873936,123,8,8,3
1622,1230,1963,70.51514975860717,111,48,7,2
2967,1577,1432,17.487743627769603,105,64,3,3
1037,1514,538,28.579347165336646,138,12,3,0
2908,579,1517,46.02960865258698,89,7,8,2
1167,574,1334,15.677889558834503,126,30,2,0
2715,1072,877,31.819046869601223,114,19,8,2
1734,843,732,39.59418774038888,119,16,7,1
2259,1492,1746,65.57550307876151,85,11,3,3
2921,1807,1415,56.19400527932138,125,16,3,3
1244,909,1643,33.03529571120543,146,47,3,0
3132,1876,1211,39.821789508720826,98,64,3,3
2488,1436,1411,22.444117351105117,106,23,5,2
1052,1251,591,28.672102764560886,133,29,6,0
2927,636,742,19.82001964619971,152,28,2,2
2090,1354,918,28.157884562117932,136,26,4,1
2131,930,1726,52.251603547312925,190,34,4,2
3362,1830,1882,55.52481562377987,117,47,1,3
1053,1424,1663,59.99481722902484,80,23,4,1
1799,583,1794,65.08848398573382,88,51,8,1
3124,648,1817,54.6640825455511,109,54,5,3
1672,1203,510,9.21224337621765,109,11,2,0
1552,1777,874,38.26512022498972,100,15,4,1
1938,1299,908,10.709460373642976,83,64,6,1
3202,1494,1177,23.49939988716427,129,47,2,3
1302,527,1924,13.114775004095877,128,53,1,0
2296,793,1006,46.305101008535814,179,64,4,1
575,873,1411,56.98551400125164,152,8,7,0
2359,722,1371,19.122848583293834,93,12,6,1
3314,1250,1020,4.672183778480731,167,20,5,2
440,1358,1635,48.211294725718055,147,60,3,0
2002,1035,1709,46.66055967042695,173,11,6,1
3167,1289,1854,43.31579089497788,161,16,6,3
3480,1445,1393,37.37345116284708,82,37,2,3
595,1702,1643,57.57121010788477,107,47,2,1
2466,534,1220,48.785284453791355,85,2,5,2
1337,628,1534,52.179478778941096,87,60,6,1
1462,713,1477,18.024631603453262,98,53,1,0
503,1207,681,32.87594317998443,112,58,8,0
2066,683,1135,49.198084643196154,197,30,7,1
708,594,528,32.915859713784705,196,27,5,0
2029,537,1430,52.03489654702919,103,55,7,1
308,1565,1364,45.276532179698705,121,38,5,0
552,1052,1839,55.52481562377987,195,6,4,0
2082,713,1760,16.44290454489426,89,63,2,1
3314,1766,1227,18.175027351929224,141,16,5,3
3996,584,1343,48.992165494993046,199,19,4,3
1795,1541,1656,37.6847149866911,109,5,4,1
594,837,1831,41.033256001832115,104,51,5,0
2473,935,1087,41.06460792720041,155,58,5,2
690,665,1804,36.27896987771415,185,31,5,0
3845,680,1418,42.509587553558106,157,34,2,3
2004,877,1985,52.586735790552325,195,17,7,1
2083,1493,1414,25.31386094789886,102,53,5,2
2661,1762,704,37.30389612304218,83,26,6,2
1903,842,730,30.463690847665358,124,57,3,1
2466,925,1520,57.094480861323554,196,56,1,2
3779,1692,1904,69.45722762061664,106,2,1,3
3904,1576,789,26.2475888227395,139,5,3,3
265,1065,1948,55.45740259580507,162,48,6,0
1417,958,751,43.81504135332659,200,60,1,0
1769,623,1238,35.84550170549739,197,26,7,1
2948,897,1852,38.06137568232665,171,17,1,2
2572,1110,1455,45.807898022022194,152,41,3,2
3267,616,513,30.4202842395747,150,21,7,2
1459,1680,1231,42.29781168283665,168,37,4,1
1633,1715,1676,56.26043767008185,94,12,8,2
2052,983,1205,49.73413829137977,130,45,4,1
1086,720,1234,31.233895428377174,165,14,4,0
2402,1660,1777,24.397028210036503,169,24,2,2
3376,1564,1962,64.3502214960653,108,42,2,3
1507,592,970,29.760987214597865,103,52,7,0
641,969,909,21.07866948217576,158,44,3,0
3451,1356,951,45.30467017879082,131,35,1,3
1607,504,1129,48.00068847007943,189,14,7,0
3521,1546,1317,15.414305989912732,101,6,1,3
1241,689,722,35.95440271095091,147,7,2,0
881,1685,1429,17.796579462512145,137,16,7,0
2563,1792,1913,64.48342592983899,170,62,7,3
3033,1786,865,13.825107337093916,123,61,3,3
769,1944,1079,40.90758460586265,132,59,7,0
3454,1077,1079,29.849800423483458,131,49,4,3
819,648,1811,49.300687489241156,195,60,4,0
435,1702,1351,49.043734958363785,185,2,6,0
586,1571,956,45.94660545791566,150,30,7,0
650,856,1931,52.419466753926045,125,19,6,0
3038,1786,912,40.33674374783124,115,14,4,3
3736,914,840,44.10581509935019,198,60,5,3
2948,1615,678,37.890673454143126,117,9,1,2
739,649,1551,30.28966183304914,190,19,7,0
686,1646,1608,23.727180630949505,200,25,2,0
841,1189,615,14.310951988732048,164,7,2,0
1183,1043,893,48.158738596777134,83,29,8,0
3943,1920,1152,42.023804259221585,131,19,3,3
1037,1220,1249,31.94292964999885,109,54,7,0
2633,1748,1109,43.46328443189995,114,53,4,2
3911,907,896,19.54425452664429,160,44,3,3
1958,1193,1904,60.873492807555905,158,20,7,2
3297,1766,1318,27.87310802287427,122,22,8,3
3141,1278,1775,59.017694776002884,170,24,3,3
3351,1234,725,23.613580917977284,174,17,6,2
2355,1961,1888,47.4696511342414,100,55,7,3
1308,1745,1629,33.66453663655461,105,3,3,1
991,1442,642,26.651397293345735,127,27,5,0
3248,1083,542,37.23419920188799,173,39,8,2
1519,868,1311,9.919414814046931,137,5,4,0
493,864,1436,26.450315958040377,88,53,6,0
1747,1142,769,40.55978446040294,114,2,6,1
2517,608,1351,2.3928064219716796,94,64,4,1
1389,983,1176,51.059399461195035,187,53,1,1
2522,1720,896,29.849800423483458,188,2,5,2
1885,1802,963,34.698364459310184,116,27,5,2
704,591,1726,49.83552059892176,196,16,7,0
953,1205,1870,29.267323987573498,163,10,6,0
3206,1369,1469,61.05561835285044,108,28,1,3
928,713,1123,52.203532648314706,94,42,1,0
2177,1082,724,32.5547005666334,101,2,4,1
2610,1719,520,33.31217519945115,187,52,3,2
489,1544,844,35.33245913399604,186,12,7,0
3839,1090,1670,56.10529264750424,128,8,8,3
1861,1991,1037,28.20504759821909,181,15,1,1
299,1367,642,9.357699035506934,176,56,2,0
340,1179,1451,14.872952159412264,182,32,2,0
3606,721,1255,41.56271186326178,102,15,5,3
799,1549,990,21.07866948217576,91,62,4,0
2367,1349,623,23.783765126780974,134,46,6,1
445,1799,1386,40.36868943884863,123,30,3,0
3927,1075,1769,26.900491887443074,122,11,1,3
3756,684,1738,20.558526386355606,157,63,5,3
770,1837,872,45.41703002464828,162,36,4,0
1641,1619,562,10.709460373642976,138,21,1,1
2343,965,1275,41.25217057059046,197,13,8,2
2787,730,1677,59.414858558775904,122,9,4,2
2495,1361,1382,48.00068847007943,169,47,5,2
3208,1494,790,34.54732472497663,158,45,5,3
1234,1027,534,30.0265782828599,146,18,7,0
1069,1807,1814,58.59638490678918,97,38,8,1
3568,709,1531,17.719889878665775,130,11,5,3
3585,689,823,26.145595888692064,103,45,5,3
1974,955,1254,33.742297141609065,155,2,4,1
2419,1872,1879,62.94229079319747,111,35,3,3
340,1259,1989,55.94966902878729,97,13,2,0
2282,695,1211,45.50109919995484,169,41,8,1
298,1969,756,32.22998713929523,132,63,4,0
968,759,1317,17.013682589127182,162,39,2,0
2391,936,1686,58.554068128784344,153,18,3,2
1534,1176,1455,42.145826977739645,168,62,2,1
696,1802,590,25.991805623052443,101,10,7,0
2782,772,1805,29.085573419044366,97,23,7,2
755,1318,661,22.080522987407825,136,45,2,0
3746,591,1603,48.29001037971163,90,16,6,3
2651,569,605,32.14825373883482,124,41,1,1
1341,764,539,11.447086036739107,124,45,8,0
2651,1056,979,48.86297838438718,101,37,3,2
1824,1982,593,27.681511166470628,80,12,5,1
1905,1830,1353,45.05073052471126,160,14,6,2
1456,1122,1163,42.17627206395307,156,40,7,1
3155,1023,1985,31.27608452179028,153,63,7,3
773,1283,980,36.777652575791436,93,33,3,0
1829,1602,1800,58.44812686022244,99,35,7,2
3883,732,1836,65.14488627553999,163,32,8,3
1675,1854,718,41.87072634642452,195,33,1,1
1601,718,997,41.77858381989153,93,30,3,1
1958,897,994,0.0,154,2,8,1
2376,1405,1036,27.536875765759962,107,8,4,2
1647,798,1951,41.74782000566175,110,21,2,1
3548,1035,1912,44.59534416760257,157,40,5,3
2694,1396,1177,38.501333181730345,134,37,4,2
2195,1749,775,35.33245913399604,178,49,1,2
2506,1588,822,19.682639794224873,148,4,5,2
2073,1600,1710,58.235600148939156,94,16,4,2
3767,1522,1696,37.58127320106274,162,21,6,3
1150,1279,1633,38.501333181730345,105,7,6,1
841,719,1141,32.83597405009027,102,6,6,0
1675,544,610,24.616019025181533,129,7,5,0
1301,1007,831,35.66319473849118,185,21,8,0
1817,590,509,24.616019025181533,141,32,6,0
2321,1788,1022,19.88833902342281,141,6,6,2
1974,748,709,15.146074495096048,110,25,7,1
3433,757,819,17.33120259064908,157,64,7,2
1205,1561,874,41.77858381989153,174,27,3,1
872,1327,1721,34.243071529002776,89,23,7,0
2052,797,1466,48.18502458207005,81,18,8,1
3654,727,711,41.84003693290621,193,64,1,3
1503,686,745,12.798368304951989,194,36,4,0
3104,1515,1247,44.30810731574258,176,24,5,3
343,555,1010,49.93667510785578,163,17,5,0
3430,1589,1397,45.135552065541,112,5,5,3
2470,1976,1933,41.46981749022139,136,45,4,3
1396,1884,1179,55.00563400464681,149,24,6,1
2668,1063,582,23.153281741327156,86,27,6,2
1457,672,1127,43.63955293341105,194,61,5,0
2452,635,1299,39.789362276253186,110,16,7,2
1871,1906,629,1.945440938800124,113,55,3,1
1112,1753,1983,64.97551519030135,191,40,4,1
967,659,657,22.504115094606117,85,3,8,0
2498,1583,1673,55.073661926715126,148,14,2,2
387,1783,1979,52.99052348974608,104,42,6,1
635,1667,1396,55.971930436743406,138,21,2,0
2711,640,1353,50.43908126658565,143,6,8,2
2023,1913,742,42.17627206395307,111,29,5,2
2215,538,537,34.77361690699347,163,25,7,1
824,1191,807,10.189260082212165,89,46,6,0
3851,816,1651,55.63696891723749,117,9,1,3
2156,915,986,36.52923924404913,199,33,2,1
2885,1157,1798,65.76174491745594,88,27,8,3
495,1201,558,28.579347165336646,99,10,7,0
2358,1379,885,46.85072816032232,129,18,2,2
1744,1483,651,27.87310802287427,169,53,5,1
1832,1614,1219,21.460120376165907,161,9,3,1
2016,930,1289,51.45205881965683,144,4,8,1
1300,1454,1018,42.869958553270486,199,6,3,1
2313,1784,1437,40.14448420119628,164,41,6,2
3248,1262,737,24.397028210036503,149,34,5,2
2216,797,1167,23.44208869589125,144,37,7,1
3142,1829,1919,61.17669947287758,91,59,5,3
1850,1139,999,44.16371699808933,161,58,2,1
1424,618,724,39.528894941070924,80,13,4,0
1620,1547,957,30.4202842395747,114,57,1,1
2592,586,854,25.366695987363638,83,15,3,1
296,1617,1426,44.19263662468927,85,36,1,0
3579,1882,743,2.3928064219716796,113,44,8,3
1180,674,1809,39.03538424089695,198,21,3,0
3962,1467,1099,48.18502458207005,122,18,5,3
3978,858,1416,37.40817573524676,84,50,1,3
668,794,1890,56.21615911141724,106,2,6,0
2032,1965,1965,48.88884601617989,187,39,4,2
3057,1911,1632,47.65625803437734,108,36,8,3
869,1512,670,29.9383299188842,145,46,5,0
3919,510,754,35.809121181874204,168,45,6,3
